Talhão,Arv,hi,di,DAP,HT
8,1559,0.1,16.83,12.98,23.3
8,1559,0.3,16.65,12.98,23.3
8,1559,0.5,15.14,12.98,23.3
8,1559,0.7,13.7,12.98,23.3
8,1559,0.9,13.37,12.98,23.3
8,1559,1.1,13.32,12.98,23.3
8,1559,1.3,12.98,12.98,23.3
8,1559,2,12.69,12.98,23.3
8,1559,3,12.4,12.98,23.3
8,1559,4,12.04,12.98,23.3
8,1559,5,11.85,12.98,23.3
8,1559,6,11.79,12.98,23.3
8,1559,7,11.45,12.98,23.3
8,1559,8,11.04,12.98,23.3
8,1559,9,10.84,12.98,23.3
8,1559,10,10.35,12.98,23.3
8,1559,10.65,9.95,12.98,23.3
8,1559,11,9.5,12.98,23.3
8,1559,12,9.15,12.98,23.3
8,1559,13,8.75,12.98,23.3
8,1559,14,8.25,12.98,23.3
8,1559,15,7.45,12.98,23.3
8,1559,16,7,12.98,23.3
8,1559,17,5.9,12.98,23.3
8,1559,18,5.25,12.98,23.3
8,1559,19,4.7,12.98,23.3
8,1559,19.7,4,12.98,23.3
8,1559,23.3,0,12.98,23.3
8,1560,0.1,18.75,16.84,26.4
8,1560,0.3,18.1,16.84,26.4
8,1560,0.5,17.98,16.84,26.4
8,1560,0.7,17.83,16.84,26.4
8,1560,0.9,17.64,16.84,26.4
8,1560,1.1,17.04,16.84,26.4
8,1560,1.3,16.84,16.84,26.4
8,1560,2,16.36,16.84,26.4
8,1560,3,15.6,16.84,26.4
8,1560,4,15.6,16.84,26.4
8,1560,5,15.5,16.84,26.4
8,1560,6,15.15,16.84,26.4
8,1560,7,14.7,16.84,26.4
8,1560,8,14.3,16.84,26.4
8,1560,9,13.59,16.84,26.4
8,1560,10,13.15,16.84,26.4
8,1560,11,12.65,16.84,26.4
8,1560,12,12.39,16.84,26.4
8,1560,12.2,12.19,16.84,26.4
8,1560,13,11.39,16.84,26.4
8,1560,14,10.65,16.84,26.4
8,1560,15,10,16.84,26.4
8,1560,16,9.4,16.84,26.4
8,1560,17,9,16.84,26.4
8,1560,18,8.1,16.84,26.4
8,1560,19,7.35,16.84,26.4
8,1560,19.2,7,16.84,26.4
8,1560,20,6.1,16.84,26.4
8,1560,21,5.25,16.84,26.4
8,1560,22,4.65,16.84,26.4
8,1560,23,4.25,16.84,26.4
8,1560,23.2,4,16.84,26.4
8,1560,26.4,0,16.84,26.4
8,1561,0.1,22.7,18.74,27.7
8,1561,0.3,21.99,18.74,27.7
8,1561,0.5,20.83,18.74,27.7
8,1561,0.7,20.1,18.74,27.7
8,1561,0.9,19.65,18.74,27.7
8,1561,1.1,18.74,18.74,27.7
8,1561,1.3,18.74,18.74,27.7
8,1561,2,18.3,18.74,27.7
8,1561,3,17.75,18.74,27.7
8,1561,4,17.29,18.74,27.7
8,1561,5,17.1,18.74,27.7
8,1561,6,16.1,18.74,27.7
8,1561,7,16.04,18.74,27.7
8,1561,8,15.94,18.74,27.7
8,1561,9,15.7,18.74,27.7
8,1561,10,15.04,18.74,27.7
8,1561,11,14.69,18.74,27.7
8,1561,12,14.14,18.74,27.7
8,1561,12.85,13.2,18.74,27.7
8,1561,13,13.1,18.74,27.7
8,1561,14,12.7,18.74,27.7
8,1561,15,12.24,18.74,27.7
8,1561,16,11.8,18.74,27.7
8,1561,17,11.34,18.74,27.7
8,1561,18,9.8,18.74,27.7
8,1561,19,8.9,18.74,27.7
8,1561,20,8.4,18.74,27.7
8,1561,21,7.9,18.74,27.7
8,1561,22,7.3,18.74,27.7
8,1561,22.2,7,18.74,27.7
8,1561,23,5.8,18.74,27.7
8,1561,24,5.05,18.74,27.7
8,1561,24.1,4,18.74,27.7
8,1561,27.7,0,18.74,27.7
8,1562,0.1,13.6,12.05,21.3
8,1562,0.3,13.48,12.05,21.3
8,1562,0.5,13.02,12.05,21.3
8,1562,0.7,12.75,12.05,21.3
8,1562,0.9,12.35,12.05,21.3
8,1562,1.1,12.2,12.05,21.3
8,1562,1.3,12.05,12.05,21.3
8,1562,2,11.9,12.05,21.3
8,1562,3,11.25,12.05,21.3
8,1562,4,11.25,12.05,21.3
8,1562,5,10.7,12.05,21.3
8,1562,6,10.3,12.05,21.3
8,1562,7,9.79,12.05,21.3
8,1562,8,9.25,12.05,21.3
8,1562,9,8.55,12.05,21.3
8,1562,9.65,8.34,12.05,21.3
8,1562,10,8.2,12.05,21.3
8,1562,11,8.14,12.05,21.3
8,1562,12,7.6,12.05,21.3
8,1562,13,7,12.05,21.3
8,1562,14,6.1,12.05,21.3
8,1562,15,5.6,12.05,21.3
8,1562,16,5.1,12.05,21.3
8,1562,17,4.6,12.05,21.3
8,1562,18,4,12.05,21.3
8,1562,21.3,0,12.05,21.3
8,1563,0.1,19.8,15.65,27.2
8,1563,0.3,18.44,15.65,27.2
8,1563,0.5,17.64,15.65,27.2
8,1563,0.7,17.14,15.65,27.2
8,1563,0.9,17.05,15.65,27.2
8,1563,1.1,16.2,15.65,27.2
8,1563,1.3,15.65,15.65,27.2
8,1563,2,15.25,15.65,27.2
8,1563,3,14.95,15.65,27.2
8,1563,4,14.9,15.65,27.2
8,1563,5,14.25,15.65,27.2
8,1563,6,14.2,15.65,27.2
8,1563,7,13.65,15.65,27.2
8,1563,8,13.2,15.65,27.2
8,1563,9,12.6,15.65,27.2
8,1563,10,12.45,15.65,27.2
8,1563,11,12.05,15.65,27.2
8,1563,12,11.75,15.65,27.2
8,1563,12.6,11.54,15.65,27.2
8,1563,13,11.3,15.65,27.2
8,1563,14,10.5,15.65,27.2
8,1563,15,9.95,15.65,27.2
8,1563,16,9.3,15.65,27.2
8,1563,17,8.6,15.65,27.2
8,1563,18,8.25,15.65,27.2
8,1563,19,7.9,15.65,27.2
8,1563,20,7.3,15.65,27.2
8,1563,20.2,7,15.65,27.2
8,1563,21,6.5,15.65,27.2
8,1563,22,5.65,15.65,27.2
8,1563,23,5.04,15.65,27.2
8,1563,24,4.35,15.65,27.2
8,1563,24.5,4,15.65,27.2
8,1563,27.2,0,15.65,27.2
8,1564,0.1,21.07,18.05,28.5
8,1564,0.3,20.63,18.05,28.5
8,1564,0.5,18.71,18.05,28.5
8,1564,0.7,18.43,18.05,28.5
8,1564,0.9,18.05,18.05,28.5
8,1564,1.1,18.05,18.05,28.5
8,1564,1.3,18.05,18.05,28.5
8,1564,2,17.15,18.05,28.5
8,1564,3,16.5,18.05,28.5
8,1564,4,16.05,18.05,28.5
8,1564,5,15.55,18.05,28.5
8,1564,6,15.5,18.05,28.5
8,1564,7,15.3,18.05,28.5
8,1564,8,15.3,18.05,28.5
8,1564,9,14.95,18.05,28.5
8,1564,10,14.15,18.05,28.5
8,1564,11,13.73,18.05,28.5
8,1564,12,13.65,18.05,28.5
8,1564,13,13.05,18.05,28.5
8,1564,13.25,12.84,18.05,28.5
8,1564,14,12.33,18.05,28.5
8,1564,15,11.97,18.05,28.5
8,1564,16,11.43,18.05,28.5
8,1564,17,10.3,18.05,28.5
8,1564,18,9.55,18.05,28.5
8,1564,19,9.15,18.05,28.5
8,1564,20,8.55,18.05,28.5
8,1564,21,7.75,18.05,28.5
8,1564,21.8,7,18.05,28.5
8,1564,22,6.5,18.05,28.5
8,1564,23,5.65,18.05,28.5
8,1564,24,5,18.05,28.5
8,1564,25,4.55,18.05,28.5
8,1564,25.2,4,18.05,28.5
8,1564,28.5,0,18.05,28.5
8,1565,0.1,19.75,17.95,28.3
8,1565,0.3,19.69,17.95,28.3
8,1565,0.5,19.4,17.95,28.3
8,1565,0.7,19.4,17.95,28.3
8,1565,0.9,18.9,17.95,28.3
8,1565,1.1,18.75,17.95,28.3
8,1565,1.3,17.95,17.95,28.3
8,1565,2,17.4,17.95,28.3
8,1565,3,16.68,17.95,28.3
8,1565,4,16.3,17.95,28.3
8,1565,5,15.95,17.95,28.3
8,1565,6,15.85,17.95,28.3
8,1565,7,15.45,17.95,28.3
8,1565,8,15.35,17.95,28.3
8,1565,9,14.35,17.95,28.3
8,1565,10,13.89,17.95,28.3
8,1565,11,13.65,17.95,28.3
8,1565,12,13.15,17.95,28.3
8,1565,13,12.4,17.95,28.3
8,1565,13.15,12.15,17.95,28.3
8,1565,14,11.85,17.95,28.3
8,1565,15,11.35,17.95,28.3
8,1565,16,10.95,17.95,28.3
8,1565,17,9.9,17.95,28.3
8,1565,18,9.2,17.95,28.3
8,1565,19,8.65,17.95,28.3
8,1565,20,7.8,17.95,28.3
8,1565,21,7,17.95,28.3
8,1565,22,6,17.95,28.3
8,1565,23,5.25,17.95,28.3
8,1565,24,4.75,17.95,28.3
8,1565,25,4.25,17.95,28.3
8,1565,25.15,4,17.95,28.3
8,1565,28.3,0,17.95,28.3
8,1566,0.1,20,15.79,27.1
8,1566,0.3,19.21,15.79,27.1
8,1566,0.5,17.34,15.79,27.1
8,1566,0.7,16.74,15.79,27.1
8,1566,0.9,16.25,15.79,27.1
8,1566,1.1,16.24,15.79,27.1
8,1566,1.3,15.79,15.79,27.1
8,1566,2,15.24,15.79,27.1
8,1566,3,15.05,15.79,27.1
8,1566,4,14.29,15.79,27.1
8,1566,5,14,15.79,27.1
8,1566,6,13.59,15.79,27.1
8,1566,7,12.8,15.79,27.1
8,1566,8,12.8,15.79,27.1
8,1566,9,12.75,15.79,27.1
8,1566,10,12.4,15.79,27.1
8,1566,11,11.95,15.79,27.1
8,1566,12,11.2,15.79,27.1
8,1566,12.55,10.84,15.79,27.1
8,1566,13,10.65,15.79,27.1
8,1566,14,10.2,15.79,27.1
8,1566,15,9.79,15.79,27.1
8,1566,16,9.15,15.79,27.1
8,1566,17,8.55,15.79,27.1
8,1566,18,8.25,15.79,27.1
8,1566,19,7.65,15.79,27.1
8,1566,19.6,7,15.79,27.1
8,1566,20,6.5,15.79,27.1
8,1566,21,5.9,15.79,27.1
8,1566,22,5.25,15.79,27.1
8,1566,23,4.45,15.79,27.1
8,1566,24,4.05,15.79,27.1
8,1566,24.3,4,15.79,27.1
8,1566,27.1,0,15.79,27.1
8,1567,0.1,18.04,16.5,27
8,1567,0.3,17.59,16.5,27
8,1567,0.5,17.34,16.5,27
8,1567,0.7,17.24,16.5,27
8,1567,0.9,17.09,16.5,27
8,1567,1.1,16.84,16.5,27
8,1567,1.3,16.5,16.5,27
8,1567,2,15.53,16.5,27
8,1567,3,14.99,16.5,27
8,1567,4,14.9,16.5,27
8,1567,5,14.24,16.5,27
8,1567,6,13.48,16.5,27
8,1567,7,12.94,16.5,27
8,1567,8,12.44,16.5,27
8,1567,9,12.44,16.5,27
8,1567,10,12.1,16.5,27
8,1567,11,11.6,16.5,27
8,1567,12,11.3,16.5,27
8,1567,12.5,11.25,16.5,27
8,1567,13,11.05,16.5,27
8,1567,14,10.64,16.5,27
8,1567,15,9.89,16.5,27
8,1567,16,9.4,16.5,27
8,1567,17,8.89,16.5,27
8,1567,18,8.25,16.5,27
8,1567,19,7.3,16.5,27
8,1567,19.9,7,16.5,27
8,1567,20,6.7,16.5,27
8,1567,21,5.9,16.5,27
8,1567,22,5.05,16.5,27
8,1567,23,4.64,16.5,27
8,1567,24,4,16.5,27
8,1567,27,0,16.5,27
8,1568,0.1,19.04,16.85,27.2
8,1568,0.3,18.4,16.85,27.2
8,1568,0.5,17.65,16.85,27.2
8,1568,0.7,17.35,16.85,27.2
8,1568,0.9,17.05,16.85,27.2
8,1568,1.1,16.9,16.85,27.2
8,1568,1.3,16.85,16.85,27.2
8,1568,2,16.45,16.85,27.2
8,1568,3,15.85,16.85,27.2
8,1568,4,15.25,16.85,27.2
8,1568,5,14.95,16.85,27.2
8,1568,6,14.5,16.85,27.2
8,1568,7,14.3,16.85,27.2
8,1568,8,14.24,16.85,27.2
8,1568,9,13.35,16.85,27.2
8,1568,10,12.7,16.85,27.2
8,1568,11,11.94,16.85,27.2
8,1568,12,11.9,16.85,27.2
8,1568,12.6,11.3,16.85,27.2
8,1568,13,11.3,16.85,27.2
8,1568,14,10.85,16.85,27.2
8,1568,15,10.45,16.85,27.2
8,1568,16,8.35,16.85,27.2
8,1568,17,8.15,16.85,27.2
8,1568,18,7.9,16.85,27.2
8,1568,19,7.3,16.85,27.2
8,1568,19.5,7,16.85,27.2
8,1568,20,6.35,16.85,27.2
8,1568,21,5.75,16.85,27.2
8,1568,22,4.93,16.85,27.2
8,1568,23,4.44,16.85,27.2
8,1568,24,4.2,16.85,27.2
8,1568,24.15,4,16.85,27.2
8,1568,27.2,0,16.85,27.2
8,1569,0.1,19.1,16.59,27.4
8,1569,0.3,18.08,16.59,27.4
8,1569,0.5,17.32,16.59,27.4
8,1569,0.7,17.29,16.59,27.4
8,1569,0.9,17.29,16.59,27.4
8,1569,1.1,17.19,16.59,27.4
8,1569,1.3,16.59,16.59,27.4
8,1569,2,16.14,16.59,27.4
8,1569,3,15.59,16.59,27.4
8,1569,4,15.39,16.59,27.4
8,1569,5,14.99,16.59,27.4
8,1569,6,14.74,16.59,27.4
8,1569,7,14.5,16.59,27.4
8,1569,8,13.87,16.59,27.4
8,1569,9,13.65,16.59,27.4
8,1569,10,12.54,16.59,27.4
8,1569,11,12.14,16.59,27.4
8,1569,12,11.98,16.59,27.4
8,1569,12.7,11.2,16.59,27.4
8,1569,13,11.1,16.59,27.4
8,1569,14,10.3,16.59,27.4
8,1569,15,10.15,16.59,27.4
8,1569,16,9.6,16.59,27.4
8,1569,17,9.1,16.59,27.4
8,1569,18,8.45,16.59,27.4
8,1569,19,7.75,16.59,27.4
8,1569,20,7.2,16.59,27.4
8,1569,20.7,7,16.59,27.4
8,1569,21,6.35,16.59,27.4
8,1569,22,5.74,16.59,27.4
8,1569,23,4.7,16.59,27.4
8,1569,24,4.2,16.59,27.4
8,1569,24.7,4,16.59,27.4
8,1569,27.4,0,16.59,27.4
8,1570,0.1,21.44,17.65,28
8,1570,0.3,19.99,17.65,28
8,1570,0.5,19.27,17.65,28
8,1570,0.7,18.47,17.65,28
8,1570,0.9,18.08,17.65,28
8,1570,1.1,17.78,17.65,28
8,1570,1.3,17.65,17.65,28
8,1570,2,17.65,17.65,28
8,1570,3,16.75,17.65,28
8,1570,4,16.74,17.65,28
8,1570,5,16.34,17.65,28
8,1570,6,15.9,17.65,28
8,1570,7,15.29,17.65,28
8,1570,8,15.15,17.65,28
8,1570,9,14.54,17.65,28
8,1570,10,14.5,17.65,28
8,1570,11,13.75,17.65,28
8,1570,12,13.05,17.65,28
8,1570,13,12.2,17.65,28
8,1570,14,12.2,17.65,28
8,1570,15,11.7,17.65,28
8,1570,16,10.85,17.65,28
8,1570,17,10.15,17.65,28
8,1570,18,9.4,17.65,28
8,1570,19,8.79,17.65,28
8,1570,20,8.1,17.65,28
8,1570,21,7.5,17.65,28
8,1570,21.6,7,17.65,28
8,1570,22,6.24,17.65,28
8,1570,23,5.45,17.65,28
8,1570,24,4.85,17.65,28
8,1570,25,4.15,17.65,28
8,1570,25.25,4,17.65,28
8,1570,28,0,17.65,28
8,1571,0.1,21.55,18.29,28
8,1571,0.3,19.75,18.29,28
8,1571,0.5,19.6,18.29,28
8,1571,0.7,19,18.29,28
8,1571,0.9,18.95,18.29,28
8,1571,1.1,18.59,18.29,28
8,1571,1.3,18.29,18.29,28
8,1571,2,17,18.29,28
8,1571,3,17,18.29,28
8,1571,4,16.65,18.29,28
8,1571,5,16.35,18.29,28
8,1571,6,15.95,18.29,28
8,1571,7,15.45,18.29,28
8,1571,8,15.05,18.29,28
8,1571,9,14.59,18.29,28
8,1571,10,14.05,18.29,28
8,1571,11,14,18.29,28
8,1571,12,12.85,18.29,28
8,1571,13,12.1,18.29,28
8,1571,14,11.75,18.29,28
8,1571,15,11.55,18.29,28
8,1571,16,10.5,18.29,28
8,1571,17,10.1,18.29,28
8,1571,18,9.4,18.29,28
8,1571,19,8.8,18.29,28
8,1571,20,8,18.29,28
8,1571,21,7.4,18.29,28
8,1571,21.9,7,18.29,28
8,1571,22,6.4,18.29,28
8,1571,23,5.7,18.29,28
8,1571,24,4.85,18.29,28
8,1571,25,4,18.29,28
8,1571,28,0,18.29,28
8,1572,0.1,14.97,13.25,24.9
8,1572,0.3,14.97,13.25,24.9
8,1572,0.5,14,13.25,24.9
8,1572,0.7,13.85,13.25,24.9
8,1572,0.9,13.59,13.25,24.9
8,1572,1.1,13.59,13.25,24.9
8,1572,1.3,13.25,13.25,24.9
8,1572,2,12.9,13.25,24.9
8,1572,3,12.54,13.25,24.9
8,1572,4,12.49,13.25,24.9
8,1572,5,11.95,13.25,24.9
8,1572,6,11.64,13.25,24.9
8,1572,7,11.2,13.25,24.9
8,1572,8,10.75,13.25,24.9
8,1572,9,10.64,13.25,24.9
8,1572,10,10.45,13.25,24.9
8,1572,11,9.84,13.25,24.9
8,1572,11.45,9.45,13.25,24.9
8,1572,12,9.1,13.25,24.9
8,1572,13,8.8,13.25,24.9
8,1572,14,8.3,13.25,24.9
8,1572,15,7.85,13.25,24.9
8,1572,16,7.25,13.25,24.9
8,1572,16.2,7,13.25,24.9
8,1572,17,6.75,13.25,24.9
8,1572,18,6.15,13.25,24.9
8,1572,19,5.4,13.25,24.9
8,1572,20,4.75,13.25,24.9
8,1572,21,4.25,13.25,24.9
8,1572,21.3,4,13.25,24.9
8,1572,24.9,0,13.25,24.9
8,1573,0.1,18.05,14.3,26.8
8,1573,0.3,16.4,14.3,26.8
8,1573,0.5,15.45,14.3,26.8
8,1573,0.7,14.75,14.3,26.8
8,1573,0.9,14.7,14.3,26.8
8,1573,1.1,14.49,14.3,26.8
8,1573,1.3,14.3,14.3,26.8
8,1573,2,13.95,14.3,26.8
8,1573,3,13.59,14.3,26.8
8,1573,4,13.05,14.3,26.8
8,1573,5,12.89,14.3,26.8
8,1573,6,12.74,14.3,26.8
8,1573,7,12.25,14.3,26.8
8,1573,8,12.09,14.3,26.8
8,1573,9,11.7,14.3,26.8
8,1573,10,11.34,14.3,26.8
8,1573,11,11.2,14.3,26.8
8,1573,12,10.5,14.3,26.8
8,1573,12.4,10.2,14.3,26.8
8,1573,13,9.94,14.3,26.8
8,1573,14,9.5,14.3,26.8
8,1573,15,8.85,14.3,26.8
8,1573,16,8.35,14.3,26.8
8,1573,17,8,14.3,26.8
8,1573,18,7.25,14.3,26.8
8,1573,19,7,14.3,26.8
8,1573,20,6.65,14.3,26.8
8,1573,21,6.35,14.3,26.8
8,1573,22,5.65,14.3,26.8
8,1573,23,4.65,14.3,26.8
8,1573,23.6,4,14.3,26.8
8,1573,26.8,0,14.3,26.8
8,1574,0.1,17.3,14.35,26.3
8,1574,0.3,16.74,14.35,26.3
8,1574,0.5,15.64,14.35,26.3
8,1574,0.7,15.55,14.35,26.3
8,1574,0.9,15.15,14.35,26.3
8,1574,1.1,14.85,14.35,26.3
8,1574,1.3,14.35,14.35,26.3
8,1574,2,14.15,14.35,26.3
8,1574,3,13.8,14.35,26.3
8,1574,4,13.45,14.35,26.3
8,1574,5,13.05,14.35,26.3
8,1574,6,12.9,14.35,26.3
8,1574,7,12.55,14.35,26.3
8,1574,8,12.1,14.35,26.3
8,1574,9,11.65,14.35,26.3
8,1574,10,11.4,14.35,26.3
8,1574,11,10.85,14.35,26.3
8,1574,12,10.55,14.35,26.3
8,1574,12.15,10.3,14.35,26.3
8,1574,13,9.9,14.35,26.3
8,1574,14,9.35,14.35,26.3
8,1574,15,8.95,14.35,26.3
8,1574,16,8.3,14.35,26.3
8,1574,17,7.6,14.35,26.3
8,1574,18,7.2,14.35,26.3
8,1574,18.7,7,14.35,26.3
8,1574,19,6.2,14.35,26.3
8,1574,20,5.5,14.35,26.3
8,1574,21,4.9,14.35,26.3
8,1574,22,4.55,14.35,26.3
8,1574,23,4.15,14.35,26.3
8,1574,23.5,4,14.35,26.3
8,1574,26.3,0,14.35,26.3
8,1575,0.1,19.35,16.85,28.5
8,1575,0.3,19.05,16.85,28.5
8,1575,0.5,18.64,16.85,28.5
8,1575,0.7,18.3,16.85,28.5
8,1575,0.9,17.8,16.85,28.5
8,1575,1.1,16.85,16.85,28.5
8,1575,1.3,16.85,16.85,28.5
8,1575,2,16.3,16.85,28.5
8,1575,3,16.1,16.85,28.5
8,1575,4,15.45,16.85,28.5
8,1575,5,15.45,16.85,28.5
8,1575,6,14.75,16.85,28.5
8,1575,7,14.45,16.85,28.5
8,1575,8,13.99,16.85,28.5
8,1575,9,13.6,16.85,28.5
8,1575,10,13.35,16.85,28.5
8,1575,11,13.2,16.85,28.5
8,1575,12,12.7,16.85,28.5
8,1575,13,12.35,16.85,28.5
8,1575,13.25,11.85,16.85,28.5
8,1575,14,11.6,16.85,28.5
8,1575,15,10.8,16.85,28.5
8,1575,16,10.7,16.85,28.5
8,1575,17,10.05,16.85,28.5
8,1575,18,9.4,16.85,28.5
8,1575,19,9.05,16.85,28.5
8,1575,20,8.35,16.85,28.5
8,1575,21,7.4,16.85,28.5
8,1575,21.55,7,16.85,28.5
8,1575,22,6.35,16.85,28.5
8,1575,23,5.4,16.85,28.5
8,1575,24,5.05,16.85,28.5
8,1575,25,4.15,16.85,28.5
8,1575,25.1,4,16.85,28.5
8,1575,28.5,0,16.85,28.5
8,1576,0.1,16.6,13.98,25.7
8,1576,0.3,15.64,13.98,25.7
8,1576,0.5,14.94,13.98,25.7
8,1576,0.7,14.39,13.98,25.7
8,1576,0.9,14.35,13.98,25.7
8,1576,1.1,14.03,13.98,25.7
8,1576,1.3,13.98,13.98,25.7
8,1576,2,13.25,13.98,25.7
8,1576,3,13.2,13.98,25.7
8,1576,4,13.05,13.98,25.7
8,1576,5,12.5,13.98,25.7
8,1576,6,12,13.98,25.7
8,1576,7,12,13.98,25.7
8,1576,8,11.6,13.98,25.7
8,1576,9,10.7,13.98,25.7
8,1576,10,10.55,13.98,25.7
8,1576,11,10.25,13.98,25.7
8,1576,11.85,9.55,13.98,25.7
8,1576,12,9.49,13.98,25.7
8,1576,13,9.3,13.98,25.7
8,1576,14,9.09,13.98,25.7
8,1576,15,8.25,13.98,25.7
8,1576,16,7.75,13.98,25.7
8,1576,17,7.35,13.98,25.7
8,1576,18,7,13.98,25.7
8,1576,19,5.95,13.98,25.7
8,1576,20,5.2,13.98,25.7
8,1576,21,4.8,13.98,25.7
8,1576,22,4.4,13.98,25.7
8,1576,22.5,4,13.98,25.7
8,1576,25.7,0,13.98,25.7
8,1577,0.1,16.85,15.25,27
8,1577,0.3,16.55,15.25,27
8,1577,0.5,15.95,15.25,27
8,1577,0.7,15.85,15.25,27
8,1577,0.9,15.7,15.25,27
8,1577,1.1,15.35,15.25,27
8,1577,1.3,15.25,15.25,27
8,1577,2,14.55,15.25,27
8,1577,3,13.89,15.25,27
8,1577,4,13.8,15.25,27
8,1577,5,13.55,15.25,27
8,1577,6,13.35,15.25,27
8,1577,7,13.15,15.25,27
8,1577,8,12.69,15.25,27
8,1577,9,12.1,15.25,27
8,1577,10,11.55,15.25,27
8,1577,11,11.15,15.25,27
8,1577,12,10.7,15.25,27
8,1577,12.5,10.55,15.25,27
8,1577,13,10.3,15.25,27
8,1577,14,10.15,15.25,27
8,1577,15,9.35,15.25,27
8,1577,16,9.25,15.25,27
8,1577,17,8.25,15.25,27
8,1577,18,7.65,15.25,27
8,1577,19,7.25,15.25,27
8,1577,19.4,7,15.25,27
8,1577,20,6.25,15.25,27
8,1577,21,5.6,15.25,27
8,1577,22,5.05,15.25,27
8,1577,23,4.25,15.25,27
8,1577,23.8,4,15.25,27
8,1577,27,0,15.25,27
8,1578,0.1,20.1,17.09,28.2
8,1578,0.3,19.94,17.09,28.2
8,1578,0.5,18.67,17.09,28.2
8,1578,0.7,17.74,17.09,28.2
8,1578,0.9,17.51,17.09,28.2
8,1578,1.1,17.42,17.09,28.2
8,1578,1.3,17.09,17.09,28.2
8,1578,2,16.85,17.09,28.2
8,1578,3,16.45,17.09,28.2
8,1578,4,16.35,17.09,28.2
8,1578,5,15.6,17.09,28.2
8,1578,6,14.99,17.09,28.2
8,1578,7,14.85,17.09,28.2
8,1578,8,14.35,17.09,28.2
8,1578,9,14.35,17.09,28.2
8,1578,10,13.7,17.09,28.2
8,1578,11,13.45,17.09,28.2
8,1578,12,12.8,17.09,28.2
8,1578,13,11.65,17.09,28.2
8,1578,13.1,11.5,17.09,28.2
8,1578,14,11.25,17.09,28.2
8,1578,15,10.7,17.09,28.2
8,1578,16,10.05,17.09,28.2
8,1578,17,9.75,17.09,28.2
8,1578,18,9.35,17.09,28.2
8,1578,19,8.55,17.09,28.2
8,1578,20,7.7,17.09,28.2
8,1578,21,7.25,17.09,28.2
8,1578,21.15,7,17.09,28.2
8,1578,22,6.1,17.09,28.2
8,1578,23,5.85,17.09,28.2
8,1578,24,5.2,17.09,28.2
8,1578,25,4,17.09,28.2
8,1578,28.2,0,17.09,28.2
8,1579,0.1,16.58,13.89,25.6
8,1579,0.3,15.3,13.89,25.6
8,1579,0.5,15.09,13.89,25.6
8,1579,0.7,14.98,13.89,25.6
8,1579,0.9,14.69,13.89,25.6
8,1579,1.1,14.13,13.89,25.6
8,1579,1.3,13.89,13.89,25.6
8,1579,2,13.58,13.89,25.6
8,1579,3,12.83,13.89,25.6
8,1579,4,12.83,13.89,25.6
8,1579,5,12.64,13.89,25.6
8,1579,6,12.35,13.89,25.6
8,1579,7,11.5,13.89,25.6
8,1579,8,11.39,13.89,25.6
8,1579,9,11.13,13.89,25.6
8,1579,10,10.6,13.89,25.6
8,1579,11,10.2,13.89,25.6
8,1579,11.8,10.1,13.89,25.6
8,1579,12,9.89,13.89,25.6
8,1579,13,9.55,13.89,25.6
8,1579,14,9.2,13.89,25.6
8,1579,15,8.55,13.89,25.6
8,1579,16,7.84,13.89,25.6
8,1579,17,7.3,13.89,25.6
8,1579,17.3,7,13.89,25.6
8,1579,18,6.4,13.89,25.6
8,1579,19,5.63,13.89,25.6
8,1579,20,5.25,13.89,25.6
8,1579,21,4.55,13.89,25.6
8,1579,21.84,4,13.89,25.6
8,1579,25.6,0,13.89,25.6
8,1580,0.1,19.8,17.6,27.7
8,1580,0.3,19.25,17.6,27.7
8,1580,0.5,18.85,17.6,27.7
8,1580,0.7,18.38,17.6,27.7
8,1580,0.9,18.35,17.6,27.7
8,1580,1.1,17.69,17.6,27.7
8,1580,1.3,17.6,17.6,27.7
8,1580,2,17.1,17.6,27.7
8,1580,3,16.7,17.6,27.7
8,1580,4,16.7,17.6,27.7
8,1580,5,16.2,17.6,27.7
8,1580,6,15.5,17.6,27.7
8,1580,7,15.49,17.6,27.7
8,1580,8,14.6,17.6,27.7
8,1580,9,14.15,17.6,27.7
8,1580,10,14,17.6,27.7
8,1580,11,13.45,17.6,27.7
8,1580,12,12.75,17.6,27.7
8,1580,12.85,12.75,17.6,27.7
8,1580,13,12.6,17.6,27.7
8,1580,14,12.2,17.6,27.7
8,1580,15,11.35,17.6,27.7
8,1580,16,10.8,17.6,27.7
8,1580,17,10.1,17.6,27.7
8,1580,18,9.3,17.6,27.7
8,1580,19,8.65,17.6,27.7
8,1580,20,7.85,17.6,27.7
8,1580,21,7.45,17.6,27.7
8,1580,21.6,7,17.6,27.7
8,1580,22,6.35,17.6,27.7
8,1580,23,5.6,17.6,27.7
8,1580,24,5,17.6,27.7
8,1580,24.7,4,17.6,27.7
8,1580,27.7,0,17.6,27.7
8,1581,0.1,13.96,11.35,21.3
8,1581,0.3,13.04,11.35,21.3
8,1581,0.5,12.25,11.35,21.3
8,1581,0.7,11.9,11.35,21.3
8,1581,0.9,11.9,11.35,21.3
8,1581,1.1,11.84,11.35,21.3
8,1581,1.3,11.35,11.35,21.3
8,1581,2,11.3,11.35,21.3
8,1581,3,10.94,11.35,21.3
8,1581,4,10.63,11.35,21.3
8,1581,5,10.25,11.35,21.3
8,1581,6,9.95,11.35,21.3
8,1581,7,9.3,11.35,21.3
8,1581,8,8.9,11.35,21.3
8,1581,9,8.45,11.35,21.3
8,1581,9.65,8.2,11.35,21.3
8,1581,10,7.95,11.35,21.3
8,1581,11,7.55,11.35,21.3
8,1581,12,7.25,11.35,21.3
8,1581,13,7,11.35,21.3
8,1581,14,6,11.35,21.3
8,1581,15,5.55,11.35,21.3
8,1581,16,4.9,11.35,21.3
8,1581,17,4.25,11.35,21.3
8,1581,17.5,4,11.35,21.3
8,1581,21.3,0,11.35,21.3
8,1582,0.1,20.98,18.74,28.4
8,1582,0.3,20.37,18.74,28.4
8,1582,0.5,20.31,18.74,28.4
8,1582,0.7,19.94,18.74,28.4
8,1582,0.9,19.12,18.74,28.4
8,1582,1.1,19.08,18.74,28.4
8,1582,1.3,18.74,18.74,28.4
8,1582,2,18.69,18.74,28.4
8,1582,3,17.79,18.74,28.4
8,1582,4,17.75,18.74,28.4
8,1582,5,17.14,18.74,28.4
8,1582,6,17.14,18.74,28.4
8,1582,7,16.49,18.74,28.4
8,1582,8,16.04,18.74,28.4
8,1582,9,15.85,18.74,28.4
8,1582,10,14.99,18.74,28.4
8,1582,11,14.97,18.74,28.4
8,1582,12,13.99,18.74,28.4
8,1582,13,13.79,18.74,28.4
8,1582,13.2,13.49,18.74,28.4
8,1582,14,13.29,18.74,28.4
8,1582,15,13.05,18.74,28.4
8,1582,16,12.4,18.74,28.4
8,1582,17,11.45,18.74,28.4
8,1582,18,10.55,18.74,28.4
8,1582,19,10.1,18.74,28.4
8,1582,20,9.3,18.74,28.4
8,1582,21,8.5,18.74,28.4
8,1582,22,7.45,18.74,28.4
8,1582,22.8,7,18.74,28.4
8,1582,23,6.3,18.74,28.4
8,1582,24,5.5,18.74,28.4
8,1582,25,4.65,18.74,28.4
8,1582,25.8,4,18.74,28.4
8,1582,28.4,0,18.74,28.4
8,1583,0.1,15.2,11.55,22
8,1583,0.3,13,11.55,22
8,1583,0.5,12.35,11.55,22
8,1583,0.7,12.15,11.55,22
8,1583,0.9,11.75,11.55,22
8,1583,1.1,11.75,11.55,22
8,1583,1.3,11.55,11.55,22
8,1583,2,11,11.55,22
8,1583,3,10.4,11.55,22
8,1583,4,10.3,11.55,22
8,1583,5,9.6,11.55,22
8,1583,6,9.5,11.55,22
8,1583,7,9.25,11.55,22
8,1583,8,9,11.55,22
8,1583,9,8.45,11.55,22
8,1583,10,8.1,11.55,22
8,1583,11,7.55,11.55,22
8,1583,12,7.45,11.55,22
8,1583,13,7,11.55,22
8,1583,14,6.6,11.55,22
8,1583,15,5.85,11.55,22
8,1583,16,5.15,11.55,22
8,1583,17,4.55,11.55,22
8,1583,18,4.2,11.55,22
8,1583,18.4,4,11.55,22
8,1583,22,0,11.55,22
8,1584,0.1,17.84,16.2,27.1
8,1584,0.3,17.34,16.2,27.1
8,1584,0.5,16.89,16.2,27.1
8,1584,0.7,16.77,16.2,27.1
8,1584,0.9,16.73,16.2,27.1
8,1584,1.1,16.32,16.2,27.1
8,1584,1.3,16.2,16.2,27.1
8,1584,2,15.97,16.2,27.1
8,1584,3,15.09,16.2,27.1
8,1584,4,15.07,16.2,27.1
8,1584,5,14.89,16.2,27.1
8,1584,6,14.64,16.2,27.1
8,1584,7,14.39,16.2,27.1
8,1584,8,14.19,16.2,27.1
8,1584,9,13.63,16.2,27.1
8,1584,10,13.35,16.2,27.1
8,1584,11,12.4,16.2,27.1
8,1584,12,12.1,16.2,27.1
8,1584,12.55,11.74,16.2,27.1
8,1584,13,11.59,16.2,27.1
8,1584,14,11.45,16.2,27.1
8,1584,15,10.85,16.2,27.1
8,1584,16,10.34,16.2,27.1
8,1584,17,9.8,16.2,27.1
8,1584,18,8.95,16.2,27.1
8,1584,19,8.25,16.2,27.1
8,1584,20,7.45,16.2,27.1
8,1584,20.75,7,16.2,27.1
8,1584,21,6.6,16.2,27.1
8,1584,22,5.95,16.2,27.1
8,1584,23,4.9,16.2,27.1
8,1584,24,4.35,16.2,27.1
8,1584,24.4,4,16.2,27.1
8,1584,27.1,0,16.2,27.1
8,1585,0.1,18.43,16.95,27.5
8,1585,0.3,18.1,16.95,27.5
8,1585,0.5,18,16.95,27.5
8,1585,0.7,17.55,16.95,27.5
8,1585,0.9,17.3,16.95,27.5
8,1585,1.1,17,16.95,27.5
8,1585,1.3,16.95,16.95,27.5
8,1585,2,16.6,16.95,27.5
8,1585,3,16.1,16.95,27.5
8,1585,4,15.8,16.95,27.5
8,1585,5,15.45,16.95,27.5
8,1585,6,14.85,16.95,27.5
8,1585,7,14.59,16.95,27.5
8,1585,8,14.35,16.95,27.5
8,1585,9,14.35,16.95,27.5
8,1585,10,13.95,16.95,27.5
8,1585,11,13.3,16.95,27.5
8,1585,12,12.4,16.95,27.5
8,1585,12.75,11.95,16.95,27.5
8,1585,13,11.75,16.95,27.5
8,1585,14,11.75,16.95,27.5
8,1585,15,10.6,16.95,27.5
8,1585,16,10.3,16.95,27.5
8,1585,17,9.6,16.95,27.5
8,1585,18,8.85,16.95,27.5
8,1585,19,8.25,16.95,27.5
8,1585,20,7.55,16.95,27.5
8,1585,21,7,16.95,27.5
8,1585,22,6.35,16.95,27.5
8,1585,23,5.6,16.95,27.5
8,1585,24,4.45,16.95,27.5
8,1585,24.4,4,16.95,27.5
8,1585,27.5,0,16.95,27.5
8,1586,0.1,7.45,5.64,13.6
8,1586,0.3,7,5.64,13.6
8,1586,0.5,6.2,5.64,13.6
8,1586,0.7,6.09,5.64,13.6
8,1586,0.9,6,5.64,13.6
8,1586,1.1,5.74,5.64,13.6
8,1586,1.3,5.64,5.64,13.6
8,1586,2,5.5,5.64,13.6
8,1586,3,5.15,5.64,13.6
8,1586,4,5,5.64,13.6
8,1586,5,4.75,5.64,13.6
8,1586,5.8,4.45,5.64,13.6
8,1586,6,4.4,5.64,13.6
8,1586,7,4.2,5.64,13.6
8,1586,7.57,4,5.64,13.6
8,1586,13.6,0,5.64,13.6
8,1587,0.1,8.75,7.05,14.4
8,1587,0.3,8,7.05,14.4
8,1587,0.5,7.45,7.05,14.4
8,1587,0.7,7.3,7.05,14.4
8,1587,0.9,7.2,7.05,14.4
8,1587,1.1,7.2,7.05,14.4
8,1587,1.3,7.05,7.05,14.4
8,1587,2,7,7.05,14.4
8,1587,3,6.3,7.05,14.4
8,1587,4,6,7.05,14.4
8,1587,5,5.55,7.05,14.4
8,1587,6,5.05,7.05,14.4
8,1587,6.2,5.05,7.05,14.4
8,1587,7,4.65,7.05,14.4
8,1587,8,4.25,7.05,14.4
8,1587,9,4,7.05,14.4
8,1587,14.4,0,7.05,14.4
8,1588,0.1,16.49,13.7,24.4
8,1588,0.3,15.55,13.7,24.4
8,1588,0.5,14.85,13.7,24.4
8,1588,0.7,14.3,13.7,24.4
8,1588,0.9,13.94,13.7,24.4
8,1588,1.1,13.85,13.7,24.4
8,1588,1.3,13.7,13.7,24.4
8,1588,2,13.1,13.7,24.4
8,1588,3,12.75,13.7,24.4
8,1588,4,12.24,13.7,24.4
8,1588,5,11.6,13.7,24.4
8,1588,6,11.45,13.7,24.4
8,1588,7,10.95,13.7,24.4
8,1588,8,10.55,13.7,24.4
8,1588,9,10.45,13.7,24.4
8,1588,10,9.95,13.7,24.4
8,1588,11,9.6,13.7,24.4
8,1588,11.2,9.5,13.7,24.4
8,1588,12,9.25,13.7,24.4
8,1588,13,9,13.7,24.4
8,1588,14,8.4,13.7,24.4
8,1588,15,8.1,13.7,24.4
8,1588,16,7.55,13.7,24.4
8,1588,16.6,7,13.7,24.4
8,1588,17,6.65,13.7,24.4
8,1588,18,6.05,13.7,24.4
8,1588,19,5.45,13.7,24.4
8,1588,20,4.65,13.7,24.4
8,1588,21,4.2,13.7,24.4
8,1588,21.1,4,13.7,24.4
8,1588,24.4,0,13.7,24.4
8,1589,0.1,20.88,17.1,27.6
8,1589,0.3,18.8,17.1,27.6
8,1589,0.5,18.24,17.1,27.6
8,1589,0.7,18.15,17.1,27.6
8,1589,0.9,17.6,17.1,27.6
8,1589,1.1,17.4,17.1,27.6
8,1589,1.3,17.1,17.1,27.6
8,1589,2,17.1,17.1,27.6
8,1589,3,16.34,17.1,27.6
8,1589,4,15.65,17.1,27.6
8,1589,5,15.25,17.1,27.6
8,1589,6,15.15,17.1,27.6
8,1589,7,14.8,17.1,27.6
8,1589,8,14.15,17.1,27.6
8,1589,9,13.8,17.1,27.6
8,1589,10,13.7,17.1,27.6
8,1589,11,13.05,17.1,27.6
8,1589,12,12.7,17.1,27.6
8,1589,12.8,12.24,17.1,27.6
8,1589,13,11.99,17.1,27.6
8,1589,14,11.3,17.1,27.6
8,1589,15,10.65,17.1,27.6
8,1589,16,10.15,17.1,27.6
8,1589,17,9.5,17.1,27.6
8,1589,18,9,17.1,27.6
8,1589,19,8.7,17.1,27.6
8,1589,20,7.75,17.1,27.6
8,1589,21,7,17.1,27.6
8,1589,22,6.45,17.1,27.6
8,1589,23,5.45,17.1,27.6
8,1589,24,4.65,17.1,27.6
8,1589,24.4,4,17.1,27.6
8,1589,27.6,0,17.1,27.6
8,1590,0.1,17.95,14.5,25.8
8,1590,0.3,17,14.5,25.8
8,1590,0.5,15.85,14.5,25.8
8,1590,0.7,15.2,14.5,25.8
8,1590,0.9,14.85,14.5,25.8
8,1590,1.1,14.8,14.5,25.8
8,1590,1.3,14.5,14.5,25.8
8,1590,2,13.99,14.5,25.8
8,1590,3,13.74,14.5,25.8
8,1590,4,13,14.5,25.8
8,1590,5,12.7,14.5,25.8
8,1590,6,12.7,14.5,25.8
8,1590,7,12.1,14.5,25.8
8,1590,8,12.1,14.5,25.8
8,1590,9,11.55,14.5,25.8
8,1590,10,10.95,14.5,25.8
8,1590,11,10.65,14.5,25.8
8,1590,11.9,10.45,14.5,25.8
8,1590,12,10.3,14.5,25.8
8,1590,13,10.1,14.5,25.8
8,1590,14,9.55,14.5,25.8
8,1590,15,9.1,14.5,25.8
8,1590,16,8.2,14.5,25.8
8,1590,17,7.65,14.5,25.8
8,1590,18,7.35,14.5,25.8
8,1590,18.2,7,14.5,25.8
8,1590,19,6.45,14.5,25.8
8,1590,20,5.75,14.5,25.8
8,1590,21,5,14.5,25.8
8,1590,22,4.55,14.5,25.8
8,1590,22.9,4,14.5,25.8
8,1590,25.8,0,14.5,25.8
8,1591,0.1,19.6,16.5,27.4
8,1591,0.3,18.64,16.5,27.4
8,1591,0.5,18,16.5,27.4
8,1591,0.7,17.4,16.5,27.4
8,1591,0.9,16.85,16.5,27.4
8,1591,1.1,16.75,16.5,27.4
8,1591,1.3,16.5,16.5,27.4
8,1591,2,15.94,16.5,27.4
8,1591,3,15.65,16.5,27.4
8,1591,4,14.7,16.5,27.4
8,1591,5,14.49,16.5,27.4
8,1591,6,14.3,16.5,27.4
8,1591,7,14,16.5,27.4
8,1591,8,13.55,16.5,27.4
8,1591,9,13.2,16.5,27.4
8,1591,10,12.75,16.5,27.4
8,1591,11,12.75,16.5,27.4
8,1591,12,11.99,16.5,27.4
8,1591,12.7,11.85,16.5,27.4
8,1591,13,11.65,16.5,27.4
8,1591,14,10.9,16.5,27.4
8,1591,15,10.2,16.5,27.4
8,1591,16,9.55,16.5,27.4
8,1591,17,9.45,16.5,27.4
8,1591,18,8.65,16.5,27.4
8,1591,19,8.15,16.5,27.4
8,1591,20,7.45,16.5,27.4
8,1591,20.57,7,16.5,27.4
8,1591,21,6.5,16.5,27.4
8,1591,22,6,16.5,27.4
8,1591,23,5.05,16.5,27.4
8,1591,24,4.35,16.5,27.4
8,1591,24.6,4,16.5,27.4
8,1591,27.4,0,16.5,27.4
8,1592,0.1,16.09,14.49,25.8
8,1592,0.3,16.07,14.49,25.8
8,1592,0.5,15.49,14.49,25.8
8,1592,0.7,15.05,14.49,25.8
8,1592,0.9,15,14.49,25.8
8,1592,1.1,14.55,14.49,25.8
8,1592,1.3,14.49,14.49,25.8
8,1592,2,13.59,14.49,25.8
8,1592,3,13.3,14.49,25.8
8,1592,4,13.05,14.49,25.8
8,1592,5,12.85,14.49,25.8
8,1592,6,12.75,14.49,25.8
8,1592,7,12.1,14.49,25.8
8,1592,8,11.65,14.49,25.8
8,1592,9,11.25,14.49,25.8
8,1592,10,11.09,14.49,25.8
8,1592,11,10.49,14.49,25.8
8,1592,11.9,10.45,14.49,25.8
8,1592,12,10.1,14.49,25.8
8,1592,13,9.9,14.49,25.8
8,1592,14,9.45,14.49,25.8
8,1592,15,9.15,14.49,25.8
8,1592,16,8.25,14.49,25.8
8,1592,17,7.5,14.49,25.8
8,1592,17.87,7,14.49,25.8
8,1592,18,6.65,14.49,25.8
8,1592,19,6.15,14.49,25.8
8,1592,20,5.3,14.49,25.8
8,1592,21,4.85,14.49,25.8
8,1592,22,4.45,14.49,25.8
8,1592,22.6,4,14.49,25.8
8,1592,25.8,0,14.49,25.8
8,1593,0.1,18.23,12.8,21.8
8,1593,0.3,16.88,12.8,21.8
8,1593,0.5,13.78,12.8,21.8
8,1593,0.7,13.75,12.8,21.8
8,1593,0.9,12.85,12.8,21.8
8,1593,1.1,12.8,12.8,21.8
8,1593,1.3,12.8,12.8,21.8
8,1593,2,11.7,12.8,21.8
8,1593,3,10.85,12.8,21.8
8,1593,4,10.1,12.8,21.8
8,1593,5,9.85,12.8,21.8
8,1593,6,9.59,12.8,21.8
8,1593,7,9.1,12.8,21.8
8,1593,8,8.85,12.8,21.8
8,1593,9,8.5,12.8,21.8
8,1593,9.9,8.1,12.8,21.8
8,1593,10,8,12.8,21.8
8,1593,11,7.55,12.8,21.8
8,1593,12,7.35,12.8,21.8
8,1593,12.8,7,12.8,21.8
8,1593,13,6.75,12.8,21.8
8,1593,14,6,12.8,21.8
8,1593,15,5.4,12.8,21.8
8,1593,16,4.9,12.8,21.8
8,1593,17,4.45,12.8,21.8
8,1593,18,4,12.8,21.8
8,1593,21.8,0,12.8,21.8
8,1594,0.1,16.17,11.73,22.9
8,1594,0.3,16.17,11.73,22.9
8,1594,0.5,14.5,11.73,22.9
8,1594,0.7,12.54,11.73,22.9
8,1594,0.9,12.49,11.73,22.9
8,1594,1.1,12.33,11.73,22.9
8,1594,1.3,11.73,11.73,22.9
8,1594,2,11.68,11.73,22.9
8,1594,3,11.49,11.73,22.9
8,1594,4,10.99,11.73,22.9
8,1594,5,10.89,11.73,22.9
8,1594,6,10.55,11.73,22.9
8,1594,7,10.1,11.73,22.9
8,1594,8,9.6,11.73,22.9
8,1594,9,9.25,11.73,22.9
8,1594,10,8.8,11.73,22.9
8,1594,10.45,8.6,11.73,22.9
8,1594,11,8.3,11.73,22.9
8,1594,12,7.75,11.73,22.9
8,1594,13,7.69,11.73,22.9
8,1594,14,7.5,11.73,22.9
8,1594,14.8,7,11.73,22.9
8,1594,15,6.65,11.73,22.9
8,1594,16,6,11.73,22.9
8,1594,17,5.4,11.73,22.9
8,1594,18,4.9,11.73,22.9
8,1594,19,4.35,11.73,22.9
8,1594,19.7,4,11.73,22.9
8,1594,22.9,0,11.73,22.9
