FILIAL,IDADE,REGIME,ESPAÇAMENTO,CLONE,MÊS DE PLANTIO,AI,TALHÃO,SÍTIO,PARCELA,FILEIRA,ÁRVORE,DAP,HT
2,7,Reforma,3 X 3,1501,9,62,8,1,1,1,1,15.447977213862014,0
2,7,Reforma,3 X 3,1501,9,62,8,1,1,1,2,14.194365079143203,0
2,7,Reforma,3 X 3,1501,9,62,8,1,1,1,3,12.493598360760602,0
2,7,Reforma,3 X 3,1501,9,62,8,1,1,2,4,19.493588689617926,0
2,7,Reforma,3 X 3,1501,9,62,8,1,1,2,5,7.946068210127572,0
2,7,Reforma,3 X 3,1501,9,62,8,1,1,2,6,18.034411551253896,0
2,7,Reforma,3 X 3,1501,9,62,8,1,1,2,7,16.495150802584376,0
2,7,Reforma,3 X 3,1501,9,62,8,1,1,2,8,16.837458240482736,0
2,7,Reforma,3 X 3,1501,9,62,8,1,1,2,9,15.99874995116806,0
2,7,Reforma,3 X 3,1501,9,62,8,1,1,3,10,15.12613632095123,27.3
2,7,Reforma,3 X 3,1501,9,62,8,1,1,3,11,10.248902380255165,18.2
2,7,Reforma,3 X 3,1501,9,62,8,1,1,3,12,15.047923444781343,29.2
2,7,Reforma,3 X 3,1501,9,62,8,1,1,3,13,16.343806166251483,30
2,7,Reforma,3 X 3,1501,9,62,8,1,1,3,14,18.920887928424502,31.5
2,7,Reforma,3 X 3,1501,9,62,8,1,1,3,15,14.396874660842192,26
2,7,Reforma,3 X 3,1501,9,62,8,1,1,3,16,13.215899515356494,26.2
2,7,Reforma,3 X 3,1501,9,62,8,1,1,4,17,16.923356641044943,30.5
2,7,Reforma,3 X 3,1501,9,62,8,1,1,4,18,18.186533479473212,30.2
2,7,Reforma,3 X 3,1501,9,62,8,1,1,4,19,16.389020715100706,29
2,7,Reforma,3 X 3,1501,9,62,8,1,1,4,20,17.34358671094304,29.2
2,7,Reforma,3 X 3,1501,9,62,8,1,1,4,21,19.135307679783985,31.5
2,7,Reforma,3 X 3,1501,9,62,8,1,1,4,22,16.33278910657944,29.3
2,7,Reforma,3 X 3,1501,9,62,8,1,1,5,25,17.4928556845359,30.5
2,7,Reforma,3 X 3,1501,9,62,8,1,1,5,26,15.797151641989135,27.5
2,7,Reforma,3 X 3,1501,9,62,8,1,1,5,27,20.18415219918835,31.5
2,7,Reforma,3 X 3,1501,9,62,8,1,1,5,28,13.434284498997332,25.2
2,7,Reforma,3 X 3,1501,9,62,8,1,1,5,29,17.476841819962782,30.5
2,7,Reforma,3 X 3,1501,9,62,8,1,1,5,30,16.885496735364345,29.3
2,7,Reforma,3 X 3,1501,9,62,8,1,1,6,31,12.085114811204733,0
2,7,Reforma,3 X 3,1501,9,62,8,1,1,6,32,18.239736840206877,0
2,7,Reforma,3 X 3,1501,9,62,8,1,1,6,33,12.745195173083856,0
2,7,Reforma,3 X 3,1501,9,62,8,1,1,6,34,12.227019260637483,0
2,7,Reforma,3 X 3,1501,9,62,8,1,1,6,35,19.94241710525582,0
2,7,Reforma,3 X 3,1501,9,62,8,1,1,6,36,13.7,0
2,7,Reforma,3 X 3,1501,9,62,8,1,1,7,37,9.195107394696377,0
2,7,Reforma,3 X 3,1501,9,62,8,1,1,7,38,20.142492397913422,0
2,7,Reforma,3 X 3,1501,9,62,8,1,1,7,39,20.6990337938755,0
2,7,Reforma,3 X 3,1501,9,62,8,1,2,1,1,15.946159412222118,0
2,7,Reforma,3 X 3,1501,9,62,8,1,2,1,2,16.889345754054535,0
2,7,Reforma,3 X 3,1501,9,62,8,1,2,2,3,7.848566748139434,0
2,7,Reforma,3 X 3,1501,9,62,8,1,2,2,4,15.491933384829668,0
2,7,Reforma,3 X 3,1501,9,62,8,1,2,2,5,12.489995996796797,0
2,7,Reforma,3 X 3,1501,9,62,8,1,2,2,6,18.393205267163196,0
2,7,Reforma,3 X 3,1501,9,62,8,1,2,2,7,17.69745744450315,0
2,7,Reforma,3 X 3,1501,9,62,8,1,2,2,8,17.949373248110923,0
2,7,Reforma,3 X 3,1501,9,62,8,1,2,3,9,19.635681806344284,29.5
2,7,Reforma,3 X 3,1501,9,62,8,1,2,3,10,12.699606293110035,23.5
2,7,Reforma,3 X 3,1501,9,62,8,1,2,3,11,18.39,27.2
2,7,Reforma,3 X 3,1501,9,62,8,1,2,3,12,12.945269406234852,23.2
2,7,Reforma,3 X 3,1501,9,62,8,1,2,3,13,11.047171583713181,21.5
2,7,Reforma,3 X 3,1501,9,62,8,1,2,3,14,19.59770394714646,29.5
2,7,Reforma,3 X 3,1501,9,62,8,1,2,4,15,12.398386991863095,25
2,7,Reforma,3 X 3,1501,9,62,8,1,2,4,16,13.498518437221176,25.5
2,7,Reforma,3 X 3,1501,9,62,8,1,2,4,17,18.630619957478604,30
2,7,Reforma,3 X 3,1501,9,62,8,1,2,4,18,18.5,29
2,7,Reforma,3 X 3,1501,9,62,8,1,2,4,19,17.297398648351724,29
2,7,Reforma,3 X 3,1501,9,62,8,1,2,4,20,14.2492105044455,25.2
2,7,Reforma,3 X 3,1501,9,62,8,1,2,5,21,16.349311912126456,26.5
2,7,Reforma,3 X 3,1501,9,62,8,1,2,5,22,15.399675321252719,26.5
2,7,Reforma,3 X 3,1501,9,62,8,1,2,5,23,17.741476826916074,29.5
2,7,Reforma,3 X 3,1501,9,62,8,1,2,5,24,16.349311912126456,27.7
2,7,Reforma,3 X 3,1501,9,62,8,1,2,5,25,11.498260738042081,21
2,7,Reforma,3 X 3,1501,9,62,8,1,2,6,26,15.997187252764157,0
2,7,Reforma,3 X 3,1501,9,62,8,1,2,6,27,19.44222209522358,0
2,7,Reforma,3 X 3,1501,9,62,8,1,2,6,28,9.599479152537391,0
2,7,Reforma,3 X 3,1501,9,62,8,1,2,6,29,19.78383178254405,0
2,7,Reforma,3 X 3,1501,9,62,8,1,2,6,30,14.839811319555247,0
2,7,Reforma,3 X 3,1501,9,62,8,1,2,6,31,16.236994795835834,0
2,7,Reforma,3 X 3,1501,9,62,8,1,2,6,32,15.749285698088025,0
2,7,Reforma,3 X 3,1501,9,62,8,1,2,7,33,15.899685531481433,0
2,7,Reforma,3 X 3,1501,9,62,8,1,2,7,34,18.59758048779464,0
2,7,Reforma,3 X 3,1501,9,62,8,1,2,7,35,9.499473669630333,0
2,7,Reforma,3 X 3,1501,9,62,8,1,2,7,36,18.344481459011046,0
2,7,Reforma,3 X 3,1501,9,62,8,1,3,1,1,9.595311355031686,0
2,7,Reforma,3 X 3,1501,9,62,8,1,3,1,2,14.987995196156156,0
2,7,Reforma,3 X 3,1501,9,62,8,1,3,1,3,16.685322891691367,0
2,7,Reforma,3 X 3,1501,9,62,8,1,3,1,4,16.475436261295176,0
2,7,Reforma,3 X 3,1501,9,62,8,1,3,2,5,12.945269406234852,0
2,7,Reforma,3 X 3,1501,9,62,8,1,3,2,6,13.934848402476433,0
2,7,Reforma,3 X 3,1501,9,62,8,1,3,2,7,16.29232948353304,0
2,7,Reforma,3 X 3,1501,9,62,8,1,3,2,8,16.24623033198779,0
2,7,Reforma,3 X 3,1501,9,62,8,1,3,2,9,13.449163542763543,0
2,7,Reforma,3 X 3,1501,9,62,8,1,3,2,10,13.598529332247661,0
2,7,Reforma,3 X 3,1501,9,62,8,1,3,3,11,13.796738745080303,24.5
2,7,Reforma,3 X 3,1501,9,62,8,1,3,3,12,18.89338508579127,30.5
2,7,Reforma,3 X 3,1501,9,62,8,1,3,3,13,13.249905660041508,24.5
2,7,Reforma,3 X 3,1501,9,62,8,1,3,3,14,16.532997308413258,29.2
2,7,Reforma,3 X 3,1501,9,62,8,1,3,3,15,16.981166037701886,29.2
2,7,Reforma,3 X 3,1501,9,62,8,1,3,3,16,17.84432682955566,30
2,7,Reforma,3 X 3,1501,9,62,8,1,3,3,17,12.949131244990916,24
2,7,Reforma,3 X 3,1501,9,62,8,1,3,4,18,16.298772959950085,29
2,7,Reforma,3 X 3,1501,9,62,8,1,3,4,19,17.437889780589853,30
2,7,Reforma,3 X 3,1501,9,62,8,1,3,4,20,17.64652940382329,30
2,7,Reforma,3 X 3,1501,9,62,8,1,3,4,22,17.586074036009286,29
2,7,Reforma,3 X 3,1501,9,62,8,1,3,4,23,13.198484761517134,25.2
2,7,Reforma,3 X 3,1501,9,62,8,1,3,4,24,17.99972222007884,30
2,7,Reforma,3 X 3,1501,9,62,8,1,3,4,25,11.69829047339824,20.5
2,7,Reforma,3 X 3,1501,9,62,8,1,3,5,26,13.745544732748863,25.5
2,7,Reforma,3 X 3,1501,9,62,8,1,3,5,27,11.998333217576516,23.4
2,7,Reforma,3 X 3,1501,9,62,8,1,3,5,28,16.180234856144704,26.5
2,7,Reforma,3 X 3,1501,9,62,8,1,3,5,29,10.248902380255165,17.7
2,7,Reforma,3 X 3,1501,9,62,8,1,3,5,30,17.82105496316085,29.5
2,7,Reforma,3 X 3,1501,9,62,8,1,3,6,32,8.748714191239761,0
2,7,Reforma,3 X 3,1501,9,62,8,1,3,6,33,19.098952850876405,0
2,7,Reforma,3 X 3,1501,9,62,8,1,3,6,34,16.495150802584376,0
2,7,Reforma,3 X 3,1501,9,62,8,1,3,6,35,14.19683063222211,0
2,7,Reforma,3 X 3,1501,9,62,8,1,3,6,36,13.449907062875937,0
2,7,Reforma,3 X 3,1501,9,62,8,1,3,7,37,13.1,0
2,7,Reforma,3 X 3,1501,9,62,8,1,3,7,38,15.44927182750048,0
2,7,Reforma,3 X 3,1501,9,62,8,1,3,7,39,16.448100194247356,0
2,7,Reforma,3 X 3,1501,9,62,8,1,4,1,1,16.28895331198417,0
2,7,Reforma,3 X 3,1501,9,62,8,1,4,1,2,17.69745744450315,0
2,7,Reforma,3 X 3,1501,9,62,8,1,4,1,3,18.398913011371082,0
2,7,Reforma,3 X 3,1501,9,62,8,1,4,1,4,17.48170472236618,0
2,7,Reforma,3 X 3,1501,9,62,8,1,4,2,5,14.14991166050163,0
2,7,Reforma,3 X 3,1501,9,62,8,1,4,2,6,15.198684153570664,0
2,7,Reforma,3 X 3,1501,9,62,8,1,4,2,7,14.849915824677257,0
2,7,Reforma,3 X 3,1501,9,62,8,1,4,2,8,8.449852069711044,0
2,7,Reforma,3 X 3,1501,9,62,8,1,4,2,9,18.390214789392754,0
2,7,Reforma,3 X 3,1501,9,62,8,1,4,2,10,14.5,0
2,7,Reforma,3 X 3,1501,9,62,8,1,4,3,11,16.29723902997069,28
2,7,Reforma,3 X 3,1501,9,62,8,1,4,3,12,17.111691909334972,29.5
2,7,Reforma,3 X 3,1501,9,62,8,1,4,3,13,13.249150916190818,24.5
2,7,Reforma,3 X 3,1501,9,62,8,1,4,3,14,16.24992307674101,27
2,7,Reforma,3 X 3,1501,9,62,8,1,4,3,15,13.796738745080303,26.5
2,7,Reforma,3 X 3,1501,9,62,8,1,4,3,16,16.099689437998485,29
2,7,Reforma,3 X 3,1501,9,62,8,1,4,3,17,13.39664137013453,25
2,7,Reforma,3 X 3,1501,9,62,8,1,4,4,18,17.489711261195822,30
2,7,Reforma,3 X 3,1501,9,62,8,1,4,4,19,14.396874660842192,26.5
2,7,Reforma,3 X 3,1501,9,62,8,1,4,4,20,16.749328344742665,28.5
2,7,Reforma,3 X 3,1501,9,62,8,1,4,4,21,15.0996688705415,26.5
2,7,Reforma,3 X 3,1501,9,62,8,1,4,4,22,16.349311912126456,28.5
2,7,Reforma,3 X 3,1501,9,62,8,1,4,4,23,18.297540818372287,29.2
2,7,Reforma,3 X 3,1501,9,62,8,1,4,4,24,17.848249213858487,29.7
2,7,Reforma,3 X 3,1501,9,62,8,1,4,5,25,17.09532099727876,28.5
2,7,Reforma,3 X 3,1501,9,62,8,1,4,5,26,11.941524190822543,21.5
2,7,Reforma,3 X 3,1501,9,62,8,1,4,5,27,13.24764129949177,22.5
2,7,Reforma,3 X 3,1501,9,62,8,1,4,5,28,15.7,27.5
2,7,Reforma,3 X 3,1501,9,62,8,1,4,5,29,12.049066353871574,22.5
2,7,Reforma,3 X 3,1501,9,62,8,1,4,5,30,18.87855926706273,30.2
2,7,Reforma,3 X 3,1501,9,62,8,1,4,5,31,12.896511156122806,24.5
2,7,Reforma,3 X 3,1501,9,62,8,1,4,6,32,15.68853084262513,0
2,7,Reforma,3 X 3,1501,9,62,8,1,4,6,33,12.598412598418898,0
2,7,Reforma,3 X 3,1501,9,62,8,1,4,6,34,12.047406359876803,0
2,7,Reforma,3 X 3,1501,9,62,8,1,4,6,35,16.941074346097416,0
2,7,Reforma,3 X 3,1501,9,62,8,1,4,6,36,14.987995196156156,0
2,7,Reforma,3 X 3,1501,9,62,8,1,4,6,37,15.221038072352359,0
2,7,Reforma,3 X 3,1501,9,62,8,1,4,7,38,18.9,0
2,7,Reforma,3 X 3,1501,9,62,8,1,4,7,39,18.4,0
2,7,Reforma,3 X 3,1501,9,62,8,1,4,7,40,16.89733706830754,0
2,7,Reforma,3 X 3,1501,9,62,8,1,4,7,41,17.79971909890715,0
2,7,Reforma,3 X 3,1501,9,62,8,1,5,1,1,19.5,0
2,7,Reforma,3 X 3,1501,9,62,8,1,5,1,2,22.094343167426363,0
2,7,Reforma,3 X 3,1501,9,62,8,1,5,2,3,8.399404740813482,0
2,7,Reforma,3 X 3,1501,9,62,8,1,5,2,4,20.99142682144308,0
2,7,Reforma,3 X 3,1501,9,62,8,1,5,2,6,14.342245291445828,0
2,7,Reforma,3 X 3,1501,9,62,8,1,5,2,7,16.149922600433726,0
2,7,Reforma,3 X 3,1501,9,62,8,1,5,3,8,16.949926253526886,27.5
2,7,Reforma,3 X 3,1501,9,62,8,1,5,3,9,19.395875850293535,30
2,7,Reforma,3 X 3,1501,9,62,8,1,5,3,10,21.24947058164038,31
2,7,Reforma,3 X 3,1501,9,62,8,1,5,3,11,21.94720938980626,32.5
2,7,Reforma,3 X 3,1501,9,62,8,1,5,4,13,21.080796948882174,31.5
2,7,Reforma,3 X 3,1501,9,62,8,1,5,4,14,20.39779399837149,30.5
2,7,Reforma,3 X 3,1501,9,62,8,1,5,4,15,17.395401691251628,28
2,7,Reforma,3 X 3,1501,9,62,8,1,5,4,16,17.741476826916074,29
2,7,Reforma,3 X 3,1501,9,62,8,1,5,4,17,12.998461447417537,23.7
2,7,Reforma,3 X 3,1501,9,62,8,1,5,4,18,15.549276510500416,26.7
2,7,Reforma,3 X 3,1501,9,62,8,1,5,5,19,15.449919093639293,26.5
2,7,Reforma,3 X 3,1501,9,62,8,1,5,5,20,18.246643526961336,29.5
2,7,Reforma,3 X 3,1501,9,62,8,1,5,5,21,16.24992307674101,28
2,7,Reforma,3 X 3,1501,9,62,8,1,5,5,22,14.599657530229946,25.5
2,7,Reforma,3 X 3,1501,9,62,8,1,5,5,23,16.697305171793438,27.5
2,7,Reforma,3 X 3,1501,9,62,8,1,5,5,24,17.7341478509682,29.7
2,7,Reforma,3 X 3,1501,9,62,8,1,5,5,25,21.54854983519773,31.7
2,7,Reforma,3 X 3,1501,9,62,8,1,5,6,26,18.04438970982394,0
2,7,Reforma,3 X 3,1501,9,62,8,1,5,6,27,12.398386991863095,0
2,7,Reforma,3 X 3,1501,9,62,8,1,5,6,28,13.996785345214093,0
2,7,Reforma,3 X 3,1501,9,62,8,1,5,6,29,18.544540975715737,0
2,7,Reforma,3 X 3,1501,9,62,8,1,5,6,30,14.399652773591454,0
2,7,Reforma,3 X 3,1501,9,62,8,1,5,6,31,18.74459922217597,0
2,7,Reforma,3 X 3,1501,9,62,8,1,5,7,32,13.038404810405298,0
2,7,Reforma,3 X 3,1501,9,62,8,1,5,7,33,17.297398648351724,0
2,7,Reforma,3 X 3,1501,9,62,8,1,5,7,34,17.241229654522904,0
2,7,Reforma,3 X 3,1501,9,62,8,1,6,1,1,16.99735273505848,0
2,7,Reforma,3 X 3,1501,9,62,8,1,6,2,2,18.767791558944808,0
2,7,Reforma,3 X 3,1501,9,62,8,1,6,2,3,17.897485856957676,0
2,7,Reforma,3 X 3,1501,9,62,8,1,6,2,4,12.498399897586891,0
2,7,Reforma,3 X 3,1501,9,62,8,1,6,2,5,18.697593428032388,0
2,7,Reforma,3 X 3,1501,9,62,8,1,6,2,6,18.832153355365392,0
2,7,Reforma,3 X 3,1501,9,62,8,1,6,3,7,17.84656829757475,29.7
2,7,Reforma,3 X 3,1501,9,62,8,1,6,3,8,19.395875850293535,30
2,7,Reforma,3 X 3,1501,9,62,8,1,6,3,9,15.749920634720672,28.5
2,7,Reforma,3 X 3,1501,9,62,8,1,6,3,10,16.343806166251483,29.5
2,7,Reforma,3 X 3,1501,9,62,8,1,6,3,11,16.1,28
2,7,Reforma,3 X 3,1501,9,62,8,1,6,4,13,16.837458240482736,29
2,7,Reforma,3 X 3,1501,9,62,8,1,6,4,14,14.749915253993834,27.5
2,7,Reforma,3 X 3,1501,9,62,8,1,6,4,15,14.145670715805597,27
2,7,Reforma,3 X 3,1501,9,62,8,1,6,4,16,17.44133022449836,30
2,7,Reforma,3 X 3,1501,9,62,8,1,6,4,18,17.57156794369814,29.5
2,7,Reforma,3 X 3,1501,9,62,8,1,6,5,19,18.79893614011176,30.7
2,7,Reforma,3 X 3,1501,9,62,8,1,6,5,20,10.7,17
2,7,Reforma,3 X 3,1501,9,62,8,1,6,5,21,18.767791558944808,29.7
2,7,Reforma,3 X 3,1501,9,62,8,1,6,5,22,9.648834126463155,18.5
2,7,Reforma,3 X 3,1501,9,62,8,1,6,5,23,14.64308710620817,27.5
2,7,Reforma,3 X 3,1501,9,62,8,1,6,5,24,11.949058540320237,22.5
2,7,Reforma,3 X 3,1501,9,62,8,1,6,6,25,17.79297614228716,0
2,7,Reforma,3 X 3,1501,9,62,8,1,6,6,26,12.649901185384808,0
2,7,Reforma,3 X 3,1501,9,62,8,1,6,6,27,18.249931506720785,0
2,7,Reforma,3 X 3,1501,9,62,8,1,6,6,28,17.938227337170193,0
2,7,Reforma,3 X 3,1501,9,62,8,1,6,6,29,5.049752469181039,0
2,7,Reforma,3 X 3,1501,9,62,8,1,6,6,30,17.033496411482876,0
2,7,Reforma,3 X 3,1501,9,62,8,1,6,7,31,16.637307474468336,0
2,7,Reforma,3 X 3,1501,9,62,8,1,6,7,32,17.84992997185143,0
2,7,Reforma,3 X 3,1501,9,62,8,1,6,7,33,16.589153082662175,0
2,7,Reforma,3 X 3,1501,9,62,8,1,6,7,34,15.99874995116806,0
