"arvore","dap_cm","ht_m","volume_real_m3","volume_predito_loocv_m3","residuo_m3"
1559,12.98,23.3,0.160764485046352,0.14839,0.01237
1560,16.84,26.4,0.275535373096641,0.28054,-0.00501
1561,18.74,27.7,0.365974550057604,0.33858,0.02739
1562,12.05,21.3,0.116708780656753,0.11417,0.00254
1563,15.65,27.2,0.257192261938514,0.25176,0.00543
1564,18.05,28.5,0.331770407027269,0.32932,0.00245
1565,17.95,28.3,0.323914349978648,0.32567,-0.00175
1566,15.79,27.1,0.245426034356322,0.25612,-0.01069
1567,16.5,27,0.247913235420014,0.27638,-0.02847
1568,16.85,27.2,0.267500604979124,0.28783,-0.02033
1569,16.59,27.4,0.272816612110687,0.28147,-0.00865
1570,17.65,28,0.32972489347032,0.31473,0.015
1571,18.29,28,0.32846543545503,0.33346,-0.00499
1572,13.25,24.9,0.165765309342399,0.16697,-0.0012
1573,14.3,26.8,0.209476314651755,0.2107,-0.00122
1574,14.35,26.3,0.207439382747838,0.20798,-0.00054
1575,16.85,28.5,0.300128943591275,0.29587,0.00426
1576,13.98,25.7,0.184870456995553,0.19317,-0.0083
1577,15.25,27,0.225405538326801,0.2402,-0.01479
1578,17.09,28.2,0.30579635572895,0.30066,0.00513
1579,13.89,25.6,0.184876545402116,0.18968,-0.0048
1580,17.6,27.7,0.320602437253791,0.31139,0.00922
1581,11.35,21.3,0.107572479637749,0.09987,0.0077
1582,18.74,28.4,0.384876195941534,0.34185,0.04302
1583,11.55,22,0.107295962542866,0.10866,-0.00136
1584,16.2,27.1,0.278337079589932,0.26704,0.0113
1585,16.95,27.5,0.296737113854398,0.29189,0.00484
1586,5.64,13.6,0.0191845761475157,0.01146,0.00772
1587,7.05,14.4,0.0275073827582735,0.0212,0.00631
1588,13.7,24.4,0.165408806120459,0.17607,-0.01066
1589,17.1,27.6,0.299452580291406,0.29699,0.00246
1590,14.5,25.8,0.203168774932926,0.20838,-0.00522
1591,16.5,27.4,0.272251538748824,0.27881,-0.00656
1592,14.49,25.8,0.197000883130891,0.20845,-0.01145
1593,12.8,21.8,0.11256469420278,0.13951,-0.02695
1594,11.73,22.9,0.130193482982403,0.11643,0.01376
