"arvore","dap_cm","altura_m","volume_real_m3","volume_geometrico_m3","volume_francon_m3","razao_francon_geometrico","razao_francon_real"
1559,12.98,23.3,0.160764485046352,0.153119908447031,0.120260094873884,0.785398163397448,0.748051379875412
1560,16.84,26.4,0.275535373096641,0.267525354563858,0.210113922136705,0.785398163397448,0.76256605377129
1561,18.74,27.7,0.365974550057604,0.354840605831322,0.278691160118758,0.785398163397448,0.761504208625689
1562,12.05,21.3,0.116708780656753,0.111826801444033,0.0878285644727549,0.785398163397448,0.752544615568075
1563,15.65,27.2,0.257192261938514,0.247159295821115,0.194118457004511,0.785398163397448,0.754760098695807
1564,18.05,28.5,0.331770407027269,0.323799157664278,0.254311263739165,0.785398163397448,0.766527870938959
1565,17.95,28.3,0.323914349978648,0.31352111767798,0.246238910010601,0.785398163397448,0.760197595527436
1566,15.79,27.1,0.245426034356322,0.236973599058574,0.186118629474287,0.785398163397448,0.758349170096889
1567,16.5,27,0.247913235420014,0.241804780906011,0.189913030824304,0.785398163397448,0.766046356914157
1568,16.85,27.2,0.267500604979124,0.260883278161949,0.2048972475295,0.785398163397448,0.765969286482514
1569,16.59,27.4,0.272816612110687,0.265482545265624,0.208509503465701,0.785398163397448,0.76428448345772
1570,17.65,28,0.32972489347032,0.318767992946133,0.250359796209784,0.785398163397448,0.759299043438223
1571,18.29,28,0.32846543545503,0.321953015348855,0.252861306955261,0.785398163397448,0.769826227240521
1572,13.25,24.9,0.165765309342399,0.160583436330483,0.126121935966012,0.785398163397448,0.760846382553415
1573,14.3,26.8,0.209476314651755,0.203204172592531,0.159596183948872,0.785398163397448,0.761881763168279
1574,14.35,26.3,0.207439382747838,0.199689555132527,0.15683580985074,0.785398163397448,0.756056095873507
1575,16.85,28.5,0.300128943591275,0.29126954653699,0.228762566903759,0.785398163397448,0.762214280856882
1576,13.98,25.7,0.184870456995553,0.179516793348991,0.140992159795297,0.785398163397448,0.762653817633438
1577,15.25,27,0.225405538326801,0.219624416174307,0.172492613100537,0.785398163397448,0.765254546897829
1578,17.09,28.2,0.30579635572895,0.296301359935544,0.232714543905542,0.785398163397448,0.761011501758427
1579,13.89,25.6,0.184876545402116,0.178023130998047,0.139819040128129,0.785398163397448,0.756283279872065
1580,17.6,27.7,0.320602437253791,0.31273577894003,0.24562210640817,0.785398163397448,0.766126759709359
1581,11.35,21.3,0.107572479637749,0.102714918536318,0.0806721083719429,0.785398163397448,0.749932590971286
1582,18.74,28.4,0.384876195941534,0.374127865920683,0.293839338769911,0.785398163397448,0.763464568264825
1583,11.55,22,0.107295962542866,0.102226855534143,0.0802887845864125,0.785398163397448,0.748292691389353
1584,16.2,27.1,0.278337079589932,0.270716536136111,0.212620270282621,0.785398163397448,0.763894880969037
1585,16.95,27.5,0.296737113854398,0.289478563441257,0.227355932069695,0.785398163397448,0.766186369869638
1586,5.64,13.6,0.0191845761475157,0.0167459279617838,0.013152221065571,0.785398163397448,0.685562243566902
1587,7.05,14.4,0.0275073827582735,0.024843087140212,0.0195117150130453,0.785398163397448,0.709326480985424
1588,13.7,24.4,0.165408806120459,0.159999325048621,0.125663176038018,0.785398163397448,0.759712732262297
1589,17.1,27.6,0.299452580291406,0.289698008615278,0.227528283906338,0.785398163397448,0.75981407034437
1590,14.5,25.8,0.203168774932926,0.19639561621147,0.154248756271799,0.785398163397448,0.759214876019813
1591,16.5,27.4,0.272251538748824,0.265091373414895,0.208202277812566,0.785398163397448,0.764742336331295
1592,14.49,25.8,0.19700088313089,0.19201608968534,0.150809084181626,0.785398163397448,0.765524914329578
1593,12.8,21.8,0.11256469420278,0.106100537901191,0.083331167603077,0.785398163397448,0.740295775627126
1594,11.73,22.9,0.130193482982403,0.122516711207275,0.0962243999676892,0.785398163397448,0.739087685216125
