"arvore","parcela","fileira","dap_cm","altura_m","altura_medida","volume_rna_m3"
1,1,1,15.447977213862,27.5171979722025,FALSE,0.24918
2,1,1,14.1943650791432,25.9877955030218,FALSE,0.20108
3,1,1,12.4935983607606,23.2853994233306,FALSE,0.13735
4,1,2,19.4935886896179,30.5288492031844,FALSE,0.3808
5,1,2,7.94606821012757,12.0888280565204,FALSE,0.02233
6,1,2,18.0344115512539,29.7131295131889,FALSE,0.33926
7,1,2,16.4951508025844,28.5433300069209,FALSE,0.28776
8,1,2,16.8374582404827,28.8355864147595,FALSE,0.29982
9,1,2,15.9987499511681,28.0828707681415,FALSE,0.26975
10,1,3,15.1261363209512,27.3,TRUE,0.23811
11,1,3,10.2489023802552,18.2,TRUE,0.06657
12,1,3,15.0479234447813,29.2,TRUE,0.25152
13,1,3,16.3438061662515,30,TRUE,0.29529
14,1,3,18.9208879284245,31.5,TRUE,0.37399
15,1,3,14.3968746608422,26,TRUE,0.20681
16,1,3,13.2158995153565,26.2,TRUE,0.1762
17,1,4,16.9233566410449,30.5,TRUE,0.31546
18,1,4,18.1865334794732,30.2,TRUE,0.34681
19,1,4,16.3890207151007,29,TRUE,0.28846
20,1,4,17.343586710943,29.2,TRUE,0.31679
21,1,4,19.135307679784,31.5,TRUE,0.37896
22,1,4,16.3327891065794,29.3,TRUE,0.2893
25,1,5,17.4928556845359,30.5,TRUE,0.3309
26,1,5,15.7971516419891,27.5,TRUE,0.25912
27,1,5,20.1841521991884,31.5,TRUE,0.40179
28,1,5,13.4342844989973,25.2,TRUE,0.17442
29,1,5,17.4768418199628,30.5,TRUE,0.33047
30,1,5,16.8854967353643,29.3,TRUE,0.30489
31,1,6,12.0851148112047,22.5156618175113,FALSE,0.12308
32,1,6,18.2397368402069,29.8433320203964,FALSE,0.34556
33,1,6,12.7451951730839,23.7353385128009,FALSE,0.1464
34,1,6,12.2270192606375,22.7886236874114,FALSE,0.12797
35,1,6,19.9424171052558,30.733711678389,FALSE,0.39207
36,1,6,13.7,25.2818770237532,FALSE,0.18209
37,1,7,9.19510739469638,15.6717034542833,FALSE,0.04347
38,1,7,20.1424923979134,30.8189664321213,FALSE,0.39687
39,1,7,20.6990337938755,31.0379514025323,FALSE,0.40948
1,2,1,15.9461594122221,28.0314191897613,FALSE,0.26781
2,2,1,16.8893457540545,28.8781757613322,FALSE,0.30162
3,2,2,7.84856674813943,11.800969741761,FALSE,0.021
4,2,2,15.4919333848297,27.5645738686087,FALSE,0.25084
5,2,2,12.4899959967968,23.2788245457769,FALSE,0.13722
6,2,2,18.3932052671632,29.9371213248556,FALSE,0.35017
7,2,2,17.6974574445032,29.4872283729262,FALSE,0.32862
8,2,2,17.9493732481109,29.6575774888744,FALSE,0.33661
9,2,3,19.6356818063443,29.5,TRUE,0.37732
10,2,3,12.69960629311,23.5,TRUE,0.14368
11,2,3,18.39,27.2,TRUE,0.32966
12,2,3,12.9452694062349,23.2,TRUE,0.14754
13,2,3,11.0471715837132,21.5,TRUE,0.09592
14,2,3,19.5977039471465,29.5,TRUE,0.37644
15,2,4,12.3983869918631,25,TRUE,0.14676
16,2,4,13.4985184372212,25.5,TRUE,0.17839
17,2,4,18.6306199574786,30,TRUE,0.3566
18,2,4,18.5,29,TRUE,0.34605
19,2,4,17.2973986483517,29,TRUE,0.31395
20,2,4,14.2492105044455,25.2,TRUE,0.19637
21,2,5,16.3493119121265,26.5,TRUE,0.26681
22,2,5,15.3996753212527,26.5,TRUE,0.2394
23,2,5,17.7414768269161,29.5,TRUE,0.3299
24,2,5,16.3493119121265,27.7,TRUE,0.27669
25,2,5,11.4982607380421,21,TRUE,0.10185
26,2,6,15.9971872527642,28.0813494850001,FALSE,0.26969
27,2,6,19.4422220952236,30.5041462055958,FALSE,0.37947
28,2,6,9.59947915253739,16.7678167343806,FALSE,0.05202
29,2,6,19.783831782544,30.663529472977,FALSE,0.38817
30,2,6,14.8398113195552,26.8196032932419,FALSE,0.22596
31,2,6,16.2369947958358,28.3094609411072,FALSE,0.27847
32,2,6,15.749285698088,27.8340834567961,FALSE,0.2605
33,2,7,15.8996855314814,27.9855123521454,FALSE,0.26609
34,2,7,18.5975804877946,30.0574961603366,FALSE,0.35618
35,2,7,9.49947366963033,16.5003577285407,FALSE,0.04983
36,2,7,18.344481459011,29.9076655165364,FALSE,0.34872
1,3,1,9.59531135503169,16.7567195694929,FALSE,0.05193
2,3,1,14.9879951961562,26.9969960902606,FALSE,0.23165
3,3,1,16.6853228916914,28.7081447825878,FALSE,0.2945
4,3,1,16.4754362612952,28.5258866710068,FALSE,0.28706
5,3,2,12.9452694062349,24.0802405498015,FALSE,0.15373
6,3,2,13.9348484024764,25.6249477533206,FALSE,0.19109
7,3,2,16.292329483533,28.3605943628661,FALSE,0.28047
8,3,2,16.2462303319878,28.3180339072468,FALSE,0.2788
9,3,2,13.4491635427635,24.8995673377267,FALSE,0.17256
10,3,2,13.5985293322477,25.12922197136,FALSE,0.17823
11,3,3,13.7967387450803,24.5,TRUE,0.17871
12,3,3,18.8933850857913,30.5,TRUE,0.36654
13,3,3,13.2499056600415,24.5,TRUE,0.16444
14,3,3,16.5329973084133,29.2,TRUE,0.29417
15,3,3,16.9811660377019,29.2,TRUE,0.30677
16,3,3,17.8443268295557,30,TRUE,0.33643
17,3,3,12.9491312449909,24,TRUE,0.15325
18,3,4,16.2987729599501,29,TRUE,0.28588
19,3,4,17.4378897805899,30,TRUE,0.32558
20,3,4,17.6465294038233,30,TRUE,0.33118
22,3,4,17.5860740360093,29,TRUE,0.32185
23,3,4,13.1984847615171,25.2,TRUE,0.16827
24,3,4,17.9997222200788,30,TRUE,0.3405
25,3,4,11.6982904733982,20.5,TRUE,0.10297
26,3,5,13.7455447327489,25.5,TRUE,0.18499
27,3,5,11.9983332175765,23.4,TRUE,0.12676
28,3,5,16.1802348561447,26.5,TRUE,0.26193
29,3,5,10.2489023802552,17.7,TRUE,0.06446
30,3,5,17.8210549631609,29.5,TRUE,0.33202
32,3,6,8.74871419123976,14.4202999221434,FALSE,0.03502
33,3,6,19.0989528508764,30.3320581150878,FALSE,0.37031
34,3,6,16.4951508025844,28.5433300069209,FALSE,0.28776
35,3,6,14.1968306322221,25.9911625105097,FALSE,0.20117
36,3,6,13.4499070628759,24.90072523729,FALSE,0.17259
37,3,7,13.1,24.3392644056872,FALSE,0.15945
38,3,7,15.4492718275005,27.5185989928161,FALSE,0.24923
39,3,7,16.4481001942474,28.5015872275523,FALSE,0.28608
1,4,1,16.2889533119842,28.3574904070337,FALSE,0.28035
2,4,1,17.6974574445032,29.4872283729262,FALSE,0.32862
3,4,1,18.3989130113711,29.9405525859408,FALSE,0.35034
4,4,1,17.4817047223662,29.3342228370296,FALSE,0.32161
5,4,2,14.1499116605016,25.9268322018708,FALSE,0.19936
6,4,2,15.1986841535707,27.2408854090842,FALSE,0.23971
7,4,2,14.8499158246773,26.8318557876579,FALSE,0.22635
8,4,2,8.44985206971104,13.5622152994355,FALSE,0.02993
9,4,2,18.3902147893928,29.9353219583604,FALSE,0.35008
10,4,2,14.5,26.3939328346123,FALSE,0.21287
11,4,3,16.2972390299707,28,TRUE,0.27765
12,4,3,17.111691909335,29.5,TRUE,0.31277
13,4,3,13.2491509161908,24.5,TRUE,0.16442
14,4,3,16.249923076741,27,TRUE,0.26806
15,4,3,13.7967387450803,26.5,TRUE,0.19415
16,4,3,16.0996894379985,29,TRUE,0.28019
17,4,3,13.3966413701345,25,TRUE,0.17194
18,4,4,17.4897112611958,30,TRUE,0.32698
19,4,4,14.3968746608422,26.5,TRUE,0.21082
20,4,4,16.7493283447427,28.5,TRUE,0.29463
21,4,4,15.0996688705415,26.5,TRUE,0.23078
22,4,4,16.3493119121265,28.5,TRUE,0.28324
23,4,4,18.2975408183723,29.2,TRUE,0.3423
24,4,4,17.8482492138585,29.7,TRUE,0.33426
25,4,5,17.0953209972788,28.5,TRUE,0.30437
26,4,5,11.9415241908225,21.5,TRUE,0.11375
27,4,5,13.2476412994918,22.5,TRUE,0.15004
28,4,5,15.7,27.5,TRUE,0.25631
29,4,5,12.0490663538716,22.5,TRUE,0.12219
30,4,5,18.8785592670627,30.2,TRUE,0.36411
31,4,5,12.8965111561228,24.5,TRUE,0.1555
32,4,6,15.6885308426251,27.7716549799644,FALSE,0.25823
33,4,6,12.5984125984189,23.4750566845334,FALSE,0.1411
34,4,6,12.0474063598768,22.4421244351003,FALSE,0.12179
35,4,6,16.9410743460974,28.9201975904564,FALSE,0.30341
36,4,6,14.9879951961562,26.9969960902606,FALSE,0.23165
37,4,6,15.2210380723524,27.2661984783398,FALSE,0.24056
38,4,7,18.9,30.2265213947211,FALSE,0.36481
39,4,7,18.4,29.9412055807353,FALSE,0.35037
40,4,7,16.8973370683075,28.8846959248567,FALSE,0.3019
41,4,7,17.7997190989072,29.5574368548451,FALSE,0.33189
1,5,1,19.5,30.5319138456019,FALSE,0.38097
2,5,1,22.0943431674264,31.4850895609102,FALSE,0.43668
3,5,2,8.39940474081348,13.4160271616652,FALSE,0.02911
4,5,2,20.9914268214431,31.1430202640771,FALSE,0.4157
6,5,2,14.3422452914458,26.1871167189736,FALSE,0.20678
7,5,2,16.1499226004337,28.2278684816027,FALSE,0.27529
8,5,3,16.9499262535269,27.5,TRUE,0.29221
9,5,3,19.3958758502935,30,TRUE,0.37507
10,5,3,21.2494705816404,31,TRUE,0.41974
11,5,3,21.9472093898063,32.5,TRUE,0.43896
13,5,4,21.0807969488822,31.5,TRUE,0.41927
14,5,4,20.3977939983715,30.5,TRUE,0.4003
15,5,4,17.3954016912516,28,TRUE,0.30875
16,5,4,17.7414768269161,29,TRUE,0.32606
17,5,4,12.9984614474175,23.7,TRUE,0.15235
18,5,4,15.5492765105004,26.7,TRUE,0.24536
19,5,5,15.4499190936393,26.5,TRUE,0.24084
20,5,5,18.2466435269613,29.5,TRUE,0.3432
21,5,5,16.249923076741,28,TRUE,0.2763
22,5,5,14.5996575302299,25.5,TRUE,0.20849
23,5,5,16.6973051717934,27.5,TRUE,0.28502
24,5,5,17.7341478509682,29.7,TRUE,0.33123
25,5,5,21.5485498351977,31.7,TRUE,0.42862
26,5,6,18.0443897098239,29.7195846114953,FALSE,0.33957
27,5,6,12.3983869918631,23.1103556633955,FALSE,0.13398
28,5,6,13.9967853452141,25.7130786962603,FALSE,0.19347
29,5,6,18.5445409757157,30.0267436372424,FALSE,0.35464
30,5,6,14.3996527735915,26.2630663986148,FALSE,0.209
31,5,6,18.744599222176,30.1409922947793,FALSE,0.36042
32,5,7,13.0384048104053,24.2369513275953,FALSE,0.15717
33,5,7,17.2973986483517,29.1981137688724,FALSE,0.31551
34,5,7,17.2412296545229,29.1556158548662,FALSE,0.31363
1,6,1,16.9973527350585,28.9654243590153,FALSE,0.30535
2,6,2,18.7677915589448,30.1539328562367,FALSE,0.36108
3,6,2,17.8974858569577,29.6232035100046,FALSE,0.33499
4,6,2,12.4983998975869,23.2941571244426,FALSE,0.13752
5,6,2,18.6975934280324,30.1145727238398,FALSE,0.35907
6,6,2,18.8321533553654,30.1895197307455,FALSE,0.3629
7,6,3,17.8465682975747,29.7,TRUE,0.33422
8,6,3,19.3958758502935,30,TRUE,0.37507
9,6,3,15.7499206347207,28.5,TRUE,0.26601
10,6,3,16.3438061662515,29.5,TRUE,0.29124
11,6,3,16.1,28,TRUE,0.27198
13,6,4,16.8374582404827,29,TRUE,0.30114
14,6,4,14.7499152539938,27.5,TRUE,0.22895
15,6,4,14.1456707158056,27,TRUE,0.20778
16,6,4,17.4413302244984,30,TRUE,0.32568
18,6,4,17.5715679436981,29.5,TRUE,0.32533
19,6,5,18.7989361401118,30.7,TRUE,0.36564
20,6,5,10.7,17,TRUE,0.06819
21,6,5,18.7677915589448,29.7,TRUE,0.35787
22,6,5,9.64883412646316,18.5,TRUE,0.0592
23,6,5,14.6430871062082,27.5,TRUE,0.2259
24,6,5,11.9490585403202,22.5,TRUE,0.12001
25,6,6,17.7929761422872,29.5528523678948,FALSE,0.33168
26,6,6,12.6499011853848,23.5670623381867,FALSE,0.14295
27,6,6,18.2499315067208,29.8496546594354,FALSE,0.34587
28,6,6,17.9382273371702,29.6502243653055,FALSE,0.33627
29,6,6,5.04975246918104,4.03150019993749,FALSE,-0.00255
30,6,6,17.0334964114829,28.9942027175194,FALSE,0.30659
31,6,7,16.6373074744683,28.6671160488461,FALSE,0.29281
32,6,7,17.8499299718514,29.5913771817426,FALSE,0.33349
33,6,7,16.5891530826622,28.6255742031218,FALSE,0.2911
34,6,7,15.9987499511681,28.0828707681415,FALSE,0.26975
