"arvore","dap_cm","altura_m","altura_estimada","volume_simples_entrada_m3","volume_dupla_entrada_m3"
"1",15.448,27.091,TRUE,0.23527,0.23876
"2",14.194,25.542,TRUE,0.19308,0.19089
"3",12.494,23.14,TRUE,0.14154,0.1352
"4",19.494,31.11,TRUE,0.39578,0.4332
"5",7.946,14.438,TRUE,0.036,0.03718
"6",18.034,29.808,TRUE,0.3336,0.356
"7",16.495,28.262,TRUE,0.27325,0.28321
"8",16.837,28.623,TRUE,0.28621,0.29863
"9",15.999,27.719,TRUE,0.25494,0.26163
"10",15.126,27.3,FALSE,0.2241,0.23082
"11",10.249,18.2,FALSE,0.08358,0.07349
"12",15.048,29.2,FALSE,0.22142,0.2441
"13",16.344,30,FALSE,0.26761,0.29497
"14",18.921,31.5,FALSE,0.3708,0.41342
"15",14.397,26,FALSE,0.19965,0.1997
"16",13.216,26.2,FALSE,0.16263,0.1702
"17",16.923,30.5,FALSE,0.2895,0.32116
"18",18.187,30.2,FALSE,0.33986,0.36666
"19",16.389,29,FALSE,0.26929,0.28683
"20",17.344,29.2,FALSE,0.30585,0.32291
"21",19.135,31.5,FALSE,0.38007,0.42275
"22",16.333,29.3,FALSE,0.2672,0.2878
"25",17.493,30.5,FALSE,0.31176,0.34286
"26",15.797,27.5,FALSE,0.24766,0.25319
"27",20.184,31.5,FALSE,0.42689,0.46991
"28",13.434,25.2,FALSE,0.16924,0.16918
"29",17.477,30.5,FALSE,0.31112,0.34224
"30",16.885,29.3,FALSE,0.28805,0.30733
"31",12.085,22.504,TRUE,0.13014,0.1234
"32",18.24,30,TRUE,0.34206,0.36637
"33",12.745,23.519,TRUE,0.14875,0.14277
"34",12.227,22.728,TRUE,0.13406,0.12743
"35",19.942,31.482,TRUE,0.41588,0.45856
"36",13.7,24.882,TRUE,0.17742,0.17361
"37",9.195,17.217,TRUE,0.06031,0.05693
"38",20.142,31.644,TRUE,0.42498,0.4701
"39",20.699,32.082,TRUE,0.45079,0.50302
"1",15.946,27.661,TRUE,0.25303,0.2594
"2",16.889,28.676,TRUE,0.2882,0.30101
"3",7.849,14.207,TRUE,0.03425,0.03586
"4",15.492,27.142,TRUE,0.23682,0.24054
"5",12.49,23.134,TRUE,0.14144,0.13509
"6",18.393,30.142,TRUE,0.34844,0.37424
"7",17.697,29.486,TRUE,0.31993,0.3393
"8",17.949,29.728,TRUE,0.33013,0.35174
"9",19.636,29.5,FALSE,0.40209,0.41695
"10",12.7,23.5,FALSE,0.14743,0.14167
"11",18.39,27.2,FALSE,0.34831,0.33799
"12",12.945,23.2,FALSE,0.15459,0.14522
"13",11.047,21.5,FALSE,0.10288,0.09934
"14",19.598,29.5,FALSE,0.4004,0.41535
"15",12.398,25,FALSE,0.13885,0.14359
"16",13.499,25.5,FALSE,0.1712,0.17275
"17",18.631,30,FALSE,0.35842,0.38206
"18",18.5,29,FALSE,0.35292,0.36436
"19",17.297,29,FALSE,0.30404,0.31904
"20",14.249,25.2,FALSE,0.19485,0.18982
"21",16.349,26.5,FALSE,0.26782,0.26121
"22",15.4,26.5,FALSE,0.23358,0.23221
"23",17.741,29.5,FALSE,0.3217,0.34113
"24",16.349,27.7,FALSE,0.26782,0.27285
"25",11.498,21,FALSE,0.11443,0.10487
"26",15.997,27.718,TRUE,0.25488,0.26156
"27",19.442,31.067,TRUE,0.39351,0.43034
"28",9.599,18.048,TRUE,0.06894,0.06446
"29",19.784,31.352,TRUE,0.40872,0.44951
"30",14.84,26.36,TRUE,0.21436,0.21481
"31",16.237,27.982,TRUE,0.26366,0.27187
"32",15.749,27.438,TRUE,0.24595,0.25113
"33",15.9,27.608,TRUE,0.25135,0.25743
"34",18.598,30.328,TRUE,0.35703,0.38484
"35",9.499,17.846,TRUE,0.06677,0.06255
"36",18.344,30.097,TRUE,0.34641,0.37173
"1",9.595,18.04,TRUE,0.06885,0.06438
"2",14.988,26.542,TRUE,0.21938,0.22052
"3",16.685,28.463,TRUE,0.28042,0.29173
"4",16.475,28.24,TRUE,0.27252,0.28234
"5",12.945,23.815,TRUE,0.15459,0.14896
"6",13.935,25.199,TRUE,0.18479,0.1817
"7",16.292,28.043,TRUE,0.2657,0.27428
"8",16.246,27.993,TRUE,0.264,0.27228
"9",13.449,24.535,TRUE,0.16969,0.16518
"10",13.599,24.743,TRUE,0.17428,0.17017
"11",13.797,24.5,FALSE,0.18044,0.17337
"12",18.893,30.5,FALSE,0.36962,0.39928
"13",13.25,24.5,FALSE,0.16365,0.16022
"14",16.533,29.2,FALSE,0.27467,0.29381
"15",16.981,29.2,FALSE,0.29173,0.30973
"16",17.844,30,FALSE,0.32586,0.35083
"17",12.949,24,FALSE,0.1547,0.15017
"18",16.299,29,FALSE,0.26594,0.28373
"19",17.438,30,FALSE,0.30958,0.33522
"20",17.647,30,FALSE,0.31789,0.34319
"22",17.586,29,FALSE,0.31547,0.32964
"23",13.198,25.2,FALSE,0.1621,0.16344
"24",18,30,FALSE,0.33218,0.3569
"25",11.698,20.5,FALSE,0.1197,0.10593
"26",13.746,25.5,FALSE,0.17884,0.17898
"27",11.998,23.4,FALSE,0.12777,0.12637
"28",16.18,26.5,FALSE,0.26157,0.25592
"29",10.249,17.7,FALSE,0.08358,0.07158
"30",17.821,29.5,FALSE,0.32492,0.34416
"32",8.749,16.261,TRUE,0.05122,0.04927
"33",19.099,30.772,TRUE,0.37849,0.41153
"34",16.495,28.262,TRUE,0.27325,0.28321
"35",14.197,25.545,TRUE,0.19316,0.19098
"36",13.45,24.536,TRUE,0.16971,0.16521
"37",13.1,24.04,TRUE,0.15916,0.15384
"38",15.449,27.092,TRUE,0.23532,0.23881
"39",16.448,28.211,TRUE,0.27149,0.28113
"1",16.289,28.039,TRUE,0.26558,0.27414
"2",17.697,29.486,TRUE,0.31993,0.3393
"3",18.399,30.147,TRUE,0.34868,0.37453
"4",17.482,29.275,TRUE,0.31131,0.32884
"5",14.15,25.484,TRUE,0.19165,0.1893
"6",15.199,26.796,TRUE,0.2266,0.22877
"7",14.85,26.373,TRUE,0.2147,0.21519
"8",8.45,15.598,TRUE,0.04538,0.04452
"9",18.39,30.139,TRUE,0.34832,0.37408
"10",14.5,25.935,TRUE,0.20304,0.20202
"11",16.297,28,FALSE,0.26589,0.27403
"12",17.112,29.5,FALSE,0.29678,0.31763
"13",13.249,24.5,FALSE,0.16363,0.1602
"14",16.25,27,FALSE,0.26414,0.26288
"15",13.797,26.5,FALSE,0.18044,0.18719
"16",16.1,29,FALSE,0.25862,0.27694
"17",13.397,25,FALSE,0.16809,0.16695
"18",17.49,30,FALSE,0.31163,0.33719
"19",14.397,26.5,FALSE,0.19965,0.20347
"20",16.749,28.5,FALSE,0.28285,0.29431
"21",15.1,26.5,FALSE,0.22319,0.22341
"22",16.349,28.5,FALSE,0.26782,0.28061
"23",18.298,29.2,FALSE,0.34446,0.35895
"24",17.848,29.7,FALSE,0.32602,0.34752
"25",17.095,28.5,FALSE,0.29614,0.30642
"26",11.942,21.5,FALSE,0.12622,0.11538
"27",13.248,22.5,FALSE,0.16358,0.14743
"28",15.7,27.5,FALSE,0.24419,0.25014
"29",12.049,22.5,FALSE,0.12915,0.12266
"30",18.879,30.2,FALSE,0.36898,0.39478
"31",12.897,24.5,FALSE,0.15316,0.152
"32",15.689,27.369,TRUE,0.24378,0.24861
"33",12.598,23.299,TRUE,0.14453,0.13833
"34",12.047,22.444,TRUE,0.12911,0.12234
"35",16.941,28.73,TRUE,0.29018,0.30339
"36",14.988,26.542,TRUE,0.21938,0.22052
"37",15.221,26.823,TRUE,0.22737,0.22966
"38",18.9,30.598,TRUE,0.3699,0.40083
"39",18.4,30.148,TRUE,0.34873,0.37459
"40",16.897,28.685,TRUE,0.2885,0.30137
"41",17.8,29.585,TRUE,0.32405,0.34432
"1",19.5,31.115,TRUE,0.39606,0.43355
"2",22.094,33.106,TRUE,0.51859,0.5907
"3",8.399,15.484,TRUE,0.04442,0.04375
"4",20.991,32.305,TRUE,0.46463,0.52079
"6",14.342,25.733,TRUE,0.19787,0.19623
"7",16.15,27.887,TRUE,0.26046,0.26811
"8",16.95,27.5,FALSE,0.29052,0.29087
"9",19.396,30,FALSE,0.39147,0.41375
"10",21.249,31,FALSE,0.47701,0.51218
"11",21.947,32.5,FALSE,0.51123,0.57232
"13",21.081,31.5,FALSE,0.4689,0.51221
"14",20.398,30.5,FALSE,0.43674,0.46472
"15",17.395,28,FALSE,0.3079,0.31164
"16",17.741,29,FALSE,0.3217,0.33542
"17",12.998,23.7,FALSE,0.15616,0.14944
"18",15.549,26.7,FALSE,0.23884,0.23842
"19",15.45,26.5,FALSE,0.23534,0.2337
"20",18.247,29.5,FALSE,0.34235,0.3606
"21",16.25,28,FALSE,0.26414,0.27247
"22",14.6,25.5,FALSE,0.20633,0.20139
"23",16.697,27.5,FALSE,0.28087,0.28239
"24",17.734,29.7,FALSE,0.32141,0.34314
"25",21.549,31.7,FALSE,0.49154,0.53838
"26",18.044,29.818,TRUE,0.33401,0.3565
"27",12.398,22.994,TRUE,0.13885,0.13239
"28",13.997,25.281,TRUE,0.18676,0.18387
"29",18.545,30.28,TRUE,0.35479,0.38208
"30",14.4,25.807,TRUE,0.19975,0.19833
"31",18.745,30.46,TRUE,0.36326,0.39257
"32",13.038,23.951,TRUE,0.15734,0.15189
"33",17.297,29.092,TRUE,0.30404,0.32004
"34",17.241,29.035,TRUE,0.30183,0.31738
"1",16.997,28.788,TRUE,0.29235,0.30598
"2",18.768,30.481,TRUE,0.36425,0.3938
"3",17.897,29.678,TRUE,0.32802,0.34916
"4",12.498,23.147,TRUE,0.14168,0.13534
"5",18.698,30.418,TRUE,0.36126,0.39009
"6",18.832,30.538,TRUE,0.367,0.39721
"7",17.847,29.7,FALSE,0.32595,0.34745
"8",19.396,30,FALSE,0.39147,0.41375
"9",15.75,28.5,FALSE,0.24597,0.26071
"10",16.344,29.5,FALSE,0.26761,0.29012
"11",16.1,28,FALSE,0.25863,0.26754
"13",16.837,29,FALSE,0.28621,0.30252
"14",14.75,27.5,FALSE,0.21134,0.22126
"15",14.146,27,FALSE,0.19151,0.2002
"16",17.441,30,FALSE,0.30971,0.33535
"18",17.572,29.5,FALSE,0.31489,0.33471
"19",18.799,30.7,FALSE,0.36558,0.3979
"20",10.7,17,FALSE,0.09431,0.07474
"21",18.768,29.7,FALSE,0.36425,0.38381
"22",9.649,18.5,FALSE,0.07002,0.06661
"23",14.643,27.5,FALSE,0.20777,0.21813
"24",11.949,22.5,FALSE,0.12643,0.1207
"25",17.793,29.578,TRUE,0.32378,0.34399
"26",12.65,23.377,TRUE,0.146,0.13988
"27",18.25,30.01,TRUE,0.34248,0.36689
"28",17.938,29.717,TRUE,0.32967,0.35119
"29",5.05,6.866,TRUE,0,0.01045
"30",17.033,28.825,TRUE,0.29375,0.30766
"31",16.637,28.413,TRUE,0.2786,0.28956
"32",17.85,29.633,TRUE,0.32609,0.3468
"33",16.589,28.362,TRUE,0.27679,0.2874
"34",15.999,27.719,TRUE,0.25494,0.26163
"TOTAL_TALHAO",NA,NA,NA,55.54,58.021
